<?xml version="1.0" encoding="utf-8"?>
<BindInfo>
	<BindNode BINDTYPE="op" DISPLAY="bind_op mul" ID="" IMPL="auto" LATENCY="1" OPTYPE="mul" PRAGMA="" RTLNAME="mul_32s_10ns_32_2_1_U1" SOURCE="Ex3/FIR.cpp:35" VARIABLE="mul_ln35" MODULE="FIR_ALL_NEW" LOOP="" BUNDLEDNAME="" DSP="2" BRAM="0" URAM="0"/>
	<BindNode BINDTYPE="op" DISPLAY="bind_op add" ID="" IMPL="fabric" LATENCY="0" OPTYPE="add" PRAGMA="" RTLNAME="tmp_fu_228_p2" SOURCE="Ex3/FIR.cpp:34" VARIABLE="tmp" MODULE="FIR_ALL_NEW" LOOP="" BUNDLEDNAME="" DSP="0" BRAM="0" URAM="0"/>
	<BindNode BINDTYPE="op" DISPLAY="bind_op mul" ID="" IMPL="auto" LATENCY="1" OPTYPE="mul" PRAGMA="" RTLNAME="mul_32s_10ns_32_2_1_U2" SOURCE="Ex3/FIR.cpp:34" VARIABLE="tmp1" MODULE="FIR_ALL_NEW" LOOP="" BUNDLEDNAME="" DSP="2" BRAM="0" URAM="0"/>
	<BindNode BINDTYPE="op" DISPLAY="bind_op add" ID="" IMPL="fabric" LATENCY="0" OPTYPE="add" PRAGMA="" RTLNAME="tmp2_fu_234_p2" SOURCE="Ex3/FIR.cpp:34" VARIABLE="tmp2" MODULE="FIR_ALL_NEW" LOOP="" BUNDLEDNAME="" DSP="0" BRAM="0" URAM="0"/>
	<BindNode BINDTYPE="op" DISPLAY="bind_op mul" ID="" IMPL="auto" LATENCY="1" OPTYPE="mul" PRAGMA="" RTLNAME="mul_32s_8s_32_2_1_U4" SOURCE="Ex3/FIR.cpp:34" VARIABLE="tmp3" MODULE="FIR_ALL_NEW" LOOP="" BUNDLEDNAME="" DSP="2" BRAM="0" URAM="0"/>
	<BindNode BINDTYPE="op" DISPLAY="bind_op add" ID="" IMPL="fabric" LATENCY="0" OPTYPE="add" PRAGMA="" RTLNAME="tmp4_fu_240_p2" SOURCE="Ex3/FIR.cpp:34" VARIABLE="tmp4" MODULE="FIR_ALL_NEW" LOOP="" BUNDLEDNAME="" DSP="0" BRAM="0" URAM="0"/>
	<BindNode BINDTYPE="op" DISPLAY="bind_op mul" ID="" IMPL="auto" LATENCY="1" OPTYPE="mul" PRAGMA="" RTLNAME="mul_32s_7ns_32_2_1_U3" SOURCE="Ex3/FIR.cpp:34" VARIABLE="tmp5" MODULE="FIR_ALL_NEW" LOOP="" BUNDLEDNAME="" DSP="2" BRAM="0" URAM="0"/>
	<BindNode BINDTYPE="op" DISPLAY="bind_op all" ID="" IMPL="tadder" LATENCY="0" OPTYPE="all" PRAGMA="" RTLNAME="add_ln32_fu_246_p2" SOURCE="Ex3/FIR.cpp:32" VARIABLE="add_ln32" MODULE="FIR_ALL_NEW" LOOP="" BUNDLEDNAME="" DSP="0" BRAM="0" URAM="0"/>
	<BindNode BINDTYPE="op" DISPLAY="bind_op add" ID="" IMPL="fabric" LATENCY="0" OPTYPE="add" PRAGMA="" RTLNAME="add_ln32_1_fu_250_p2" SOURCE="Ex3/FIR.cpp:32" VARIABLE="add_ln32_1" MODULE="FIR_ALL_NEW" LOOP="" BUNDLEDNAME="" DSP="0" BRAM="0" URAM="0"/>
	<BindNode BINDTYPE="op" DISPLAY="bind_op all" ID="" IMPL="tadder" LATENCY="0" OPTYPE="all" PRAGMA="" RTLNAME="m_axis_TDATA_int_regslice" SOURCE="Ex3/FIR.cpp:32" VARIABLE="acc" MODULE="FIR_ALL_NEW" LOOP="" BUNDLEDNAME="" DSP="0" BRAM="0" URAM="0"/>
</BindInfo>
