<xilinx:hls_fe_msgs>
    <msg msg_groups="PRAGMA_VERBOSE_DUMP" msg_id="207-5471" msg_severity="WARNING" msg_loc="E:/Vivado/Vitis_HLS/2023.1/common/technology/autopilot\ap_axi_sdata.h:76:9" msg_body="HLS pragma dump">
        <args ARG_PragmaFunction="get_user_ptr" ARG_PragmaIsValid="1" ARG_PragmaType="inline" ClangWarningOption="dump-hls-pragmas"/>
    </msg>
    <msg msg_groups="PRAGMA_VERBOSE_DUMP" msg_id="207-5471" msg_severity="WARNING" msg_loc="E:/Vivado/Vitis_HLS/2023.1/common/technology/autopilot\ap_axi_sdata.h:80:9" msg_body="HLS pragma dump">
        <args ARG_PragmaFunction="get_id_ptr" ARG_PragmaIsValid="1" ARG_PragmaType="inline" ClangWarningOption="dump-hls-pragmas"/>
    </msg>
    <msg msg_groups="PRAGMA_VERBOSE_DUMP" msg_id="207-5471" msg_severity="WARNING" msg_loc="E:/Vivado/Vitis_HLS/2023.1/common/technology/autopilot\ap_axi_sdata.h:84:9" msg_body="HLS pragma dump">
        <args ARG_PragmaFunction="get_dest_ptr" ARG_PragmaIsValid="1" ARG_PragmaType="inline" ClangWarningOption="dump-hls-pragmas"/>
    </msg>
    <msg msg_groups="PRAGMA_VERBOSE_DUMP" msg_id="207-5471" msg_severity="WARNING" msg_loc="E:/Vivado/Vitis_HLS/2023.1/common/technology/autopilot\ap_axi_sdata.h:114:9" msg_body="HLS pragma dump">
        <args ARG_PragmaFunction="get_strb_ptr" ARG_PragmaIsValid="1" ARG_PragmaType="inline" ClangWarningOption="dump-hls-pragmas"/>
    </msg>
    <msg msg_groups="PRAGMA_VERBOSE_DUMP" msg_id="207-5471" msg_severity="WARNING" msg_loc="E:/Vivado/Vitis_HLS/2023.1/common/technology/autopilot\ap_axi_sdata.h:118:9" msg_body="HLS pragma dump">
        <args ARG_PragmaFunction="get_user_ptr" ARG_PragmaIsValid="1" ARG_PragmaType="inline" ClangWarningOption="dump-hls-pragmas"/>
    </msg>
    <msg msg_groups="PRAGMA_VERBOSE_DUMP" msg_id="207-5471" msg_severity="WARNING" msg_loc="E:/Vivado/Vitis_HLS/2023.1/common/technology/autopilot\ap_axi_sdata.h:122:9" msg_body="HLS pragma dump">
        <args ARG_PragmaFunction="get_id_ptr" ARG_PragmaIsValid="1" ARG_PragmaType="inline" ClangWarningOption="dump-hls-pragmas"/>
    </msg>
    <msg msg_groups="PRAGMA_VERBOSE_DUMP" msg_id="207-5471" msg_severity="WARNING" msg_loc="E:/Vivado/Vitis_HLS/2023.1/common/technology/autopilot\ap_axi_sdata.h:126:9" msg_body="HLS pragma dump">
        <args ARG_PragmaFunction="get_dest_ptr" ARG_PragmaIsValid="1" ARG_PragmaType="inline" ClangWarningOption="dump-hls-pragmas"/>
    </msg>
    <msg msg_groups="PRAGMA_VERBOSE_DUMP" msg_id="207-5471" msg_severity="WARNING" msg_loc="E:/Vivado/Vitis_HLS/2023.1/common/technology/autopilot\ap_axi_sdata.h:132:9" msg_body="HLS pragma dump">
        <args ARG_PragmaFunction="get_data" ARG_PragmaIsValid="1" ARG_PragmaType="inline" ClangWarningOption="dump-hls-pragmas"/>
    </msg>
    <msg msg_groups="PRAGMA_VERBOSE_DUMP" msg_id="207-5471" msg_severity="WARNING" msg_loc="E:/Vivado/Vitis_HLS/2023.1/common/technology/autopilot\ap_axi_sdata.h:136:9" msg_body="HLS pragma dump">
        <args ARG_PragmaFunction="get_keep" ARG_PragmaIsValid="1" ARG_PragmaType="inline" ClangWarningOption="dump-hls-pragmas"/>
    </msg>
    <msg msg_groups="PRAGMA_VERBOSE_DUMP" msg_id="207-5471" msg_severity="WARNING" msg_loc="E:/Vivado/Vitis_HLS/2023.1/common/technology/autopilot\ap_axi_sdata.h:140:9" msg_body="HLS pragma dump">
        <args ARG_PragmaFunction="get_last" ARG_PragmaIsValid="1" ARG_PragmaType="inline" ClangWarningOption="dump-hls-pragmas"/>
    </msg>
    <msg msg_groups="PRAGMA_VERBOSE_DUMP" msg_id="207-5471" msg_severity="WARNING" msg_loc="E:/Vivado/Vitis_HLS/2023.1/common/technology/autopilot\ap_axi_sdata.h:145:9" msg_body="HLS pragma dump">
        <args ARG_PragmaFunction="set_data" ARG_PragmaIsValid="1" ARG_PragmaType="inline" ClangWarningOption="dump-hls-pragmas"/>
    </msg>
    <msg msg_groups="PRAGMA_VERBOSE_DUMP" msg_id="207-5471" msg_severity="WARNING" msg_loc="E:/Vivado/Vitis_HLS/2023.1/common/technology/autopilot\ap_axi_sdata.h:149:9" msg_body="HLS pragma dump">
        <args ARG_PragmaFunction="set_keep" ARG_PragmaIsValid="1" ARG_PragmaType="inline" ClangWarningOption="dump-hls-pragmas"/>
    </msg>
    <msg msg_groups="PRAGMA_VERBOSE_DUMP" msg_id="207-5471" msg_severity="WARNING" msg_loc="E:/Vivado/Vitis_HLS/2023.1/common/technology/autopilot\ap_axi_sdata.h:153:9" msg_body="HLS pragma dump">
        <args ARG_PragmaFunction="set_last" ARG_PragmaIsValid="1" ARG_PragmaType="inline" ClangWarningOption="dump-hls-pragmas"/>
    </msg>
    <msg msg_groups="PRAGMA_VERBOSE_DUMP" msg_id="207-5471" msg_severity="WARNING" msg_loc="E:/Vivado/Vitis_HLS/2023.1/common/technology/autopilot\ap_axi_sdata.h:157:9" msg_body="HLS pragma dump">
        <args ARG_PragmaFunction="keep_all" ARG_PragmaIsValid="1" ARG_PragmaType="inline" ClangWarningOption="dump-hls-pragmas"/>
    </msg>
    <msg msg_groups="PRAGMA_VERBOSE_DUMP" msg_id="207-5471" msg_severity="WARNING" msg_loc="E:/Vivado/Vitis_HLS/2023.1/common/technology/autopilot\ap_axi_sdata.h:163:9" msg_body="HLS pragma dump">
        <args ARG_PragmaFunction="qdma_axis&lt;WData, 0, 0, 0&gt;" ARG_PragmaIsValid="1" ARG_PragmaType="inline" ClangWarningOption="dump-hls-pragmas"/>
    </msg>
    <msg msg_groups="PRAGMA_VERBOSE_DUMP" msg_id="207-5471" msg_severity="WARNING" msg_loc="E:/Vivado/Vitis_HLS/2023.1/common/technology/autopilot\ap_axi_sdata.h:167:9" msg_body="HLS pragma dump">
        <args ARG_PragmaFunction="qdma_axis&lt;WData, 0, 0, 0&gt;" ARG_PragmaIsValid="1" ARG_PragmaType="inline" ClangWarningOption="dump-hls-pragmas"/>
    </msg>
    <msg msg_groups="PRAGMA_VERBOSE_DUMP" msg_id="207-5471" msg_severity="WARNING" msg_loc="E:/Vivado/Vitis_HLS/2023.1/common/technology/autopilot\ap_axi_sdata.h:171:9" msg_body="HLS pragma dump">
        <args ARG_PragmaFunction="qdma_axis&lt;WData, 0, 0, 0&gt;" ARG_PragmaIsValid="1" ARG_PragmaType="inline" ClangWarningOption="dump-hls-pragmas"/>
    </msg>
    <msg msg_groups="PRAGMA_VERBOSE_DUMP" msg_id="207-5471" msg_severity="WARNING" msg_loc="E:/Vivado/Vitis_HLS/2023.1/common/technology/autopilot\ap_axi_sdata.h:176:9" msg_body="HLS pragma dump">
        <args ARG_PragmaFunction="qdma_axis&lt;WData, 0, 0, 0&gt;" ARG_PragmaIsValid="1" ARG_PragmaType="inline" ClangWarningOption="dump-hls-pragmas"/>
    </msg>
    <msg msg_groups="PRAGMA_VERBOSE_DUMP" msg_id="207-5471" msg_severity="WARNING" msg_loc="E:/Vivado/Vitis_HLS/2023.1/common/technology/autopilot\ap_axi_sdata.h:181:9" msg_body="HLS pragma dump">
        <args ARG_PragmaFunction="qdma_axis&lt;WData, 0, 0, 0&gt;" ARG_PragmaIsValid="1" ARG_PragmaType="inline" ClangWarningOption="dump-hls-pragmas"/>
    </msg>
    <msg msg_groups="PRAGMA_VERBOSE_DUMP" msg_id="207-5471" msg_severity="WARNING" msg_loc="E:/Vivado/Vitis_HLS/2023.1/common/technology/autopilot\ap_axi_sdata.h:185:9" msg_body="HLS pragma dump">
        <args ARG_PragmaFunction="operator=" ARG_PragmaIsValid="1" ARG_PragmaType="inline" ClangWarningOption="dump-hls-pragmas"/>
    </msg>
    <msg msg_groups="PRAGMA_VERBOSE_DUMP" msg_id="207-5471" msg_severity="WARNING" msg_loc="E:/Vivado/Vitis_HLS/2023.1/common/technology/autopilot\ap_axi_sdata.h:220:9" msg_body="HLS pragma dump">
        <args ARG_PragmaFunction="empty" ARG_PragmaIsValid="1" ARG_PragmaType="inline" ClangWarningOption="dump-hls-pragmas"/>
    </msg>
    <msg msg_groups="PRAGMA_VERBOSE_DUMP" msg_id="207-5471" msg_severity="WARNING" msg_loc="E:/Vivado/Vitis_HLS/2023.1/common/technology/autopilot\ap_axi_sdata.h:227:9" msg_body="HLS pragma dump">
        <args ARG_PragmaFunction="full" ARG_PragmaIsValid="1" ARG_PragmaType="inline" ClangWarningOption="dump-hls-pragmas"/>
    </msg>
    <msg msg_groups="PRAGMA_VERBOSE_DUMP" msg_id="207-5471" msg_severity="WARNING" msg_loc="E:/Vivado/Vitis_HLS/2023.1/common/technology/autopilot\ap_axi_sdata.h:235:9" msg_body="HLS pragma dump">
        <args ARG_PragmaFunction="read" ARG_PragmaIsValid="1" ARG_PragmaType="inline" ClangWarningOption="dump-hls-pragmas"/>
    </msg>
    <msg msg_groups="PRAGMA_VERBOSE_DUMP" msg_id="207-5471" msg_severity="WARNING" msg_loc="E:/Vivado/Vitis_HLS/2023.1/common/technology/autopilot\ap_axi_sdata.h:245:9" msg_body="HLS pragma dump">
        <args ARG_PragmaFunction="read" ARG_PragmaIsValid="1" ARG_PragmaType="inline" ClangWarningOption="dump-hls-pragmas"/>
    </msg>
    <msg msg_groups="PRAGMA_VERBOSE_DUMP" msg_id="207-5471" msg_severity="WARNING" msg_loc="E:/Vivado/Vitis_HLS/2023.1/common/technology/autopilot\ap_axi_sdata.h:256:9" msg_body="HLS pragma dump">
        <args ARG_PragmaFunction="write" ARG_PragmaIsValid="1" ARG_PragmaType="inline" ClangWarningOption="dump-hls-pragmas"/>
    </msg>
    <msg msg_groups="PRAGMA_VERBOSE_DUMP" msg_id="207-5471" msg_severity="WARNING" msg_loc="E:/Vivado/Vitis_HLS/2023.1/common/technology/autopilot\ap_axi_sdata.h:266:9" msg_body="HLS pragma dump">
        <args ARG_PragmaFunction="read_nb" ARG_PragmaIsValid="1" ARG_PragmaType="inline" ClangWarningOption="dump-hls-pragmas"/>
    </msg>
    <msg msg_groups="PRAGMA_VERBOSE_DUMP" msg_id="207-5471" msg_severity="WARNING" msg_loc="E:/Vivado/Vitis_HLS/2023.1/common/technology/autopilot\ap_axi_sdata.h:281:9" msg_body="HLS pragma dump">
        <args ARG_PragmaFunction="write_nb" ARG_PragmaIsValid="1" ARG_PragmaType="inline" ClangWarningOption="dump-hls-pragmas"/>
    </msg>
    <msg msg_groups="PRAGMA_VERBOSE_DUMP" msg_id="207-5471" msg_severity="WARNING" msg_loc="E:/Vivado/Vitis_HLS/2023.1/common/technology/autopilot\ap_axi_sdata.h:317:9" msg_body="HLS pragma dump">
        <args ARG_PragmaFunction="empty" ARG_PragmaIsValid="1" ARG_PragmaType="inline" ClangWarningOption="dump-hls-pragmas"/>
    </msg>
    <msg msg_groups="PRAGMA_VERBOSE_DUMP" msg_id="207-5471" msg_severity="WARNING" msg_loc="E:/Vivado/Vitis_HLS/2023.1/common/technology/autopilot\ap_axi_sdata.h:324:9" msg_body="HLS pragma dump">
        <args ARG_PragmaFunction="full" ARG_PragmaIsValid="1" ARG_PragmaType="inline" ClangWarningOption="dump-hls-pragmas"/>
    </msg>
    <msg msg_groups="PRAGMA_VERBOSE_DUMP" msg_id="207-5471" msg_severity="WARNING" msg_loc="E:/Vivado/Vitis_HLS/2023.1/common/technology/autopilot\ap_axi_sdata.h:332:9" msg_body="HLS pragma dump">
        <args ARG_PragmaFunction="read" ARG_PragmaIsValid="1" ARG_PragmaType="inline" ClangWarningOption="dump-hls-pragmas"/>
    </msg>
    <msg msg_groups="PRAGMA_VERBOSE_DUMP" msg_id="207-5471" msg_severity="WARNING" msg_loc="E:/Vivado/Vitis_HLS/2023.1/common/technology/autopilot\ap_axi_sdata.h:342:9" msg_body="HLS pragma dump">
        <args ARG_PragmaFunction="read" ARG_PragmaIsValid="1" ARG_PragmaType="inline" ClangWarningOption="dump-hls-pragmas"/>
    </msg>
    <msg msg_groups="PRAGMA_VERBOSE_DUMP" msg_id="207-5471" msg_severity="WARNING" msg_loc="E:/Vivado/Vitis_HLS/2023.1/common/technology/autopilot\ap_axi_sdata.h:353:9" msg_body="HLS pragma dump">
        <args ARG_PragmaFunction="write" ARG_PragmaIsValid="1" ARG_PragmaType="inline" ClangWarningOption="dump-hls-pragmas"/>
    </msg>
    <msg msg_groups="PRAGMA_VERBOSE_DUMP" msg_id="207-5471" msg_severity="WARNING" msg_loc="E:/Vivado/Vitis_HLS/2023.1/common/technology/autopilot\ap_axi_sdata.h:363:9" msg_body="HLS pragma dump">
        <args ARG_PragmaFunction="read_nb" ARG_PragmaIsValid="1" ARG_PragmaType="inline" ClangWarningOption="dump-hls-pragmas"/>
    </msg>
    <msg msg_groups="PRAGMA_VERBOSE_DUMP" msg_id="207-5471" msg_severity="WARNING" msg_loc="E:/Vivado/Vitis_HLS/2023.1/common/technology/autopilot\ap_axi_sdata.h:379:9" msg_body="HLS pragma dump">
        <args ARG_PragmaFunction="write_nb" ARG_PragmaIsValid="1" ARG_PragmaType="inline" ClangWarningOption="dump-hls-pragmas"/>
    </msg>
    <msg msg_groups="PRAGMA_VERBOSE_DUMP" msg_id="207-5471" msg_severity="WARNING" msg_loc="D:/SoC_lab/Ex3/solution1/csynth.tcl:14:9" msg_body="HLS pragma dump">
        <args ARG_PragmaContext="directive" ARG_PragmaFunction="FIR_ALL_NEW" ARG_PragmaIsValid="1" ARG_PragmaOptions="name=FIR_ALL_NEW" ARG_PragmaType="top" ClangWarningOption="dump-hls-pragmas"/>
    </msg>
    <msg msg_groups="PRAGMA_VERBOSE_DUMP" msg_id="207-5471" msg_severity="WARNING" msg_loc="Ex3/FIR.cpp:11:9" msg_body="HLS pragma dump">
        <args ARG_PragmaFunction="FIR_ALL_NEW" ARG_PragmaIsValid="1" ARG_PragmaOptions="axis port=s_axis" ARG_PragmaType="interface" ClangWarningOption="dump-hls-pragmas"/>
    </msg>
    <msg msg_groups="PRAGMA_VERBOSE_DUMP" msg_id="207-5471" msg_severity="WARNING" msg_loc="Ex3/FIR.cpp:12:9" msg_body="HLS pragma dump">
        <args ARG_PragmaFunction="FIR_ALL_NEW" ARG_PragmaIsValid="1" ARG_PragmaOptions="axis port=m_axis" ARG_PragmaType="interface" ClangWarningOption="dump-hls-pragmas"/>
    </msg>
    <msg msg_groups="PRAGMA_VERBOSE_DUMP" msg_id="207-5471" msg_severity="WARNING" msg_loc="Ex3/FIR.cpp:13:9" msg_body="HLS pragma dump">
        <args ARG_PragmaFunction="FIR_ALL_NEW" ARG_PragmaIsValid="1" ARG_PragmaOptions="ap_ctrl_none port=return" ARG_PragmaType="interface" ClangWarningOption="dump-hls-pragmas"/>
    </msg>
    <msg msg_groups="PRAGMA_VERBOSE_DUMP" msg_id="207-5471" msg_severity="WARNING" msg_loc="Ex3/FIR.cpp:18:9" msg_body="HLS pragma dump">
        <args ARG_PragmaFunction="FIR_ALL_NEW" ARG_PragmaIsValid="1" ARG_PragmaOptions="variable=shift_reg complete" ARG_PragmaType="array_partition" ClangWarningOption="dump-hls-pragmas"/>
    </msg>
    <msg msg_groups="PRAGMA_VERBOSE_DUMP" msg_id="207-5471" msg_severity="WARNING" msg_loc="Ex3/FIR.cpp:29:9" msg_body="HLS pragma dump">
        <args ARG_PragmaFunction="FIR_ALL_NEW" ARG_PragmaIsValid="1" ARG_PragmaType="unroll" ClangWarningOption="dump-hls-pragmas"/>
    </msg>
    <msg msg_groups="PRAGMA_UNROLL" msg_id="214-186" msg_severity="INFO" msg_loc="Ex3/FIR.cpp:10:0" msg_body="Unrolling loop 'FIR_LOOP' (Ex3/FIR.cpp:28:5) in function 'FIR_ALL_NEW' completely with a factor of 10">
        <args Factor="10" LoopLoc="Ex3/FIR.cpp:28:5" LoopName="FIR_LOOP"/>
    </msg>
    <msg msg_groups="PRAGMA_MISC" msg_id="214-248" msg_severity="INFO" msg_loc="Ex3/FIR.cpp:17:0" msg_body="Applying array_partition to '_ZZ11FIR_ALL_NEWRN3hls6streamINS_4axisI7ap_uintILi32EELm0ELm0ELm0EEELi0EEES6_E9shift_reg': Complete partitioning on dimension 1.">
        <args Dim="1" Mode="Complete" UOName="_ZZ11FIR_ALL_NEWRN3hls6streamINS_4axisI7ap_uintILi32EELm0ELm0ELm0EEELi0EEES6_E9shift_reg"/>
    </msg>
</xilinx:hls_fe_msgs>

