<pragmas>
<pragma file="" line="0" pragmaType="inline" parentfunction="get_user_ptr" off="0" region="0" recursive="0"/>
<pragma file="" line="0" pragmaType="inline" parentfunction="checkOverflowBaseC" off="0" region="0" recursive="0"/>
<pragma file="E:/Vivado/Vitis_HLS/2023.1/common/technology/autopilot\etc/ap_common.h" line="0" pragmaType="inline" parentfunction="ssdm_int<1, false>::ssdm_int()" off="0" region="0" recursive="0"/>
<pragma file="E:/Vivado/Vitis_HLS/2023.1/common/technology/autopilot\etc/ap_common.h" line="0" pragmaType="inline" parentfunction="ssdm_int<4, false>::ssdm_int()" off="0" region="0" recursive="0"/>
<pragma file="E:/Vivado/Vitis_HLS/2023.1/common/technology/autopilot\etc/ap_common.h" line="0" pragmaType="inline" parentfunction="ssdm_int<32, false>::ssdm_int()" off="0" region="0" recursive="0"/>
<pragma file="" line="0" pragmaType="inline" parentfunction="get_id_ptr" off="0" region="0" recursive="0"/>
<pragma file="" line="0" pragmaType="inline" parentfunction="get_dest_ptr" off="0" region="0" recursive="0"/>
<pragma file="" line="0" pragmaType="inline" parentfunction="checkOverflowBaseC" off="0" region="0" recursive="0"/>
<pragma file="" line="0" pragmaType="inline" parentfunction="ap_int_base<32, false>::ap_int_base(int)" off="0" region="0" recursive="0"/>
<pragma file="" line="0" pragmaType="inline" parentfunction="ap_uint<32>::ap_uint()" off="0" region="0" recursive="0"/>
<pragma file="" line="0" pragmaType="inline" parentfunction="write" off="0" region="0" recursive="0"/>
<pragma file="" line="0" pragmaType="inline" parentfunction="ap_int_base<32, false>::ap_int_base()" off="0" region="0" recursive="0"/>
<pragma file="" line="0" pragmaType="inline" parentfunction="ap_int_base<4, false>::ap_int_base(int)" off="0" region="0" recursive="0"/>
<pragma file="Ex3/FIR.cpp" line="29" pragmaType="unroll" parentfunction="FIR_ALL_NEW" factor="-1" skip_exit_check="0"/>
<pragma file="Ex3/FIR.cpp" line="11" pragmaType="interface" parentfunction="FIR_ALL_NEW" mode="axis" port="s_axis" register="0" register_mode="both" name="" depth="-1"/>
<pragma file="Ex3/FIR.cpp" line="12" pragmaType="interface" parentfunction="FIR_ALL_NEW" mode="axis" port="m_axis" register="0" register_mode="both" name="" depth="-1"/>
<pragma file="Ex3/FIR.cpp" line="13" pragmaType="interface" parentfunction="FIR_ALL_NEW" mode="ap_ctrl_none" port="return" name=""/>
<pragma file="Ex3/FIR.cpp" line="18" pragmaType="array_partition" parentfunction="FIR_ALL_NEW" dim="1" factor="0" mode="complete" dynamic="0" variable="_ZZ11FIR_ALL_NEWRN3hls6streamINS_4axisI7ap_uintILi32EELm0ELm0ELm0EEELi0EEES6_E9shift_reg"/>
<pragma file="E:/Vivado/Vitis_HLS/2023.1/common/technology/autopilot\etc/ap_common.h" line="523" pragmaType="inline" parentfunction="_ZN8ssdm_intILi4ELb0EEC2EDq4_j" off="0" region="0" recursive="0"/>
<pragma file="E:/Vivado/Vitis_HLS/2023.1/common/technology/autopilot\etc/ap_common.h" line="523" pragmaType="inline" parentfunction="ssdm_int<32, false>::ssdm_int(unsigned int)" off="0" region="0" recursive="0"/>
<pragma file="" line="0" pragmaType="inline" parentfunction="ap_int_base<32, false>::operator unsigned long long() const" off="0" region="0" recursive="0"/>
<pragma file="" line="0" pragmaType="inline" parentfunction="ap_uint<32>::ap_uint(int)" off="0" region="0" recursive="0"/>
<pragma file="" line="0" pragmaType="inline" parentfunction="ap_uint<4>::ap_uint(int)" off="0" region="0" recursive="0"/>
<pragma file="" line="0" pragmaType="inline" parentfunction="ap_uint<4>::ap_uint()" off="0" region="0" recursive="0"/>
<pragma file="" line="0" pragmaType="inline" parentfunction="ap_int_base<1, false>::ap_int_base()" off="0" region="0" recursive="0"/>
<pragma file="" line="0" pragmaType="inline" parentfunction="read" off="0" region="0" recursive="0"/>
<pragma file="" line="0" pragmaType="inline" parentfunction="ap_uint<1>::ap_uint()" off="0" region="0" recursive="0"/>
<pragma file="" line="0" pragmaType="inline" parentfunction="ap_int_base<4, false>::ap_int_base()" off="0" region="0" recursive="0"/>
</pragmas>
