<dict>
  <key>main-file</key>
  <string>D:/SoC_lab/Ex3/solution1/.autopilot/db/FIR.pp.0.cpp</string>
  <key>diagnostics</key>
  <array>
    <dict>
      <key>level</key>
      <string>warning</string>
      <key>filename</key>
      <string>E:/Vivado/Vitis_HLS/2023.1/common/technology/autopilot\ap_axi_sdata.h</string>
      <key>line</key>
      <integer>76</integer>
      <key>column</key>
      <integer>9</integer>
      <key>message</key>
      <string>HLS pragma dump _XLX_SEP_ PragmaIsValid=1_XLX_SEP_ PragmaType=inline_XLX_SEP_ PragmaContext=_XLX_SEP_ PragmaFunction=get_user_ptr_XLX_SEP_ PragmaOptions=_XLX_SEP_</string>
      <key>ID</key>
      <integer>5471</integer>
      <key>WarningOption</key>
      <string>dump-hls-pragmas</string>
    </dict>
    <dict>
      <key>level</key>
      <string>warning</string>
      <key>filename</key>
      <string>E:/Vivado/Vitis_HLS/2023.1/common/technology/autopilot\ap_axi_sdata.h</string>
      <key>line</key>
      <integer>80</integer>
      <key>column</key>
      <integer>9</integer>
      <key>message</key>
      <string>HLS pragma dump _XLX_SEP_ PragmaIsValid=1_XLX_SEP_ PragmaType=inline_XLX_SEP_ PragmaContext=_XLX_SEP_ PragmaFunction=get_id_ptr_XLX_SEP_ PragmaOptions=_XLX_SEP_</string>
      <key>ID</key>
      <integer>5471</integer>
      <key>WarningOption</key>
      <string>dump-hls-pragmas</string>
    </dict>
    <dict>
      <key>level</key>
      <string>warning</string>
      <key>filename</key>
      <string>E:/Vivado/Vitis_HLS/2023.1/common/technology/autopilot\ap_axi_sdata.h</string>
      <key>line</key>
      <integer>84</integer>
      <key>column</key>
      <integer>9</integer>
      <key>message</key>
      <string>HLS pragma dump _XLX_SEP_ PragmaIsValid=1_XLX_SEP_ PragmaType=inline_XLX_SEP_ PragmaContext=_XLX_SEP_ PragmaFunction=get_dest_ptr_XLX_SEP_ PragmaOptions=_XLX_SEP_</string>
      <key>ID</key>
      <integer>5471</integer>
      <key>WarningOption</key>
      <string>dump-hls-pragmas</string>
    </dict>
    <dict>
      <key>level</key>
      <string>warning</string>
      <key>filename</key>
      <string>E:/Vivado/Vitis_HLS/2023.1/common/technology/autopilot\ap_axi_sdata.h</string>
      <key>line</key>
      <integer>114</integer>
      <key>column</key>
      <integer>9</integer>
      <key>message</key>
      <string>HLS pragma dump _XLX_SEP_ PragmaIsValid=1_XLX_SEP_ PragmaType=inline_XLX_SEP_ PragmaContext=_XLX_SEP_ PragmaFunction=get_strb_ptr_XLX_SEP_ PragmaOptions=_XLX_SEP_</string>
      <key>ID</key>
      <integer>5471</integer>
      <key>WarningOption</key>
      <string>dump-hls-pragmas</string>
    </dict>
    <dict>
      <key>level</key>
      <string>warning</string>
      <key>filename</key>
      <string>E:/Vivado/Vitis_HLS/2023.1/common/technology/autopilot\ap_axi_sdata.h</string>
      <key>line</key>
      <integer>118</integer>
      <key>column</key>
      <integer>9</integer>
      <key>message</key>
      <string>HLS pragma dump _XLX_SEP_ PragmaIsValid=1_XLX_SEP_ PragmaType=inline_XLX_SEP_ PragmaContext=_XLX_SEP_ PragmaFunction=get_user_ptr_XLX_SEP_ PragmaOptions=_XLX_SEP_</string>
      <key>ID</key>
      <integer>5471</integer>
      <key>WarningOption</key>
      <string>dump-hls-pragmas</string>
    </dict>
    <dict>
      <key>level</key>
      <string>warning</string>
      <key>filename</key>
      <string>E:/Vivado/Vitis_HLS/2023.1/common/technology/autopilot\ap_axi_sdata.h</string>
      <key>line</key>
      <integer>122</integer>
      <key>column</key>
      <integer>9</integer>
      <key>message</key>
      <string>HLS pragma dump _XLX_SEP_ PragmaIsValid=1_XLX_SEP_ PragmaType=inline_XLX_SEP_ PragmaContext=_XLX_SEP_ PragmaFunction=get_id_ptr_XLX_SEP_ PragmaOptions=_XLX_SEP_</string>
      <key>ID</key>
      <integer>5471</integer>
      <key>WarningOption</key>
      <string>dump-hls-pragmas</string>
    </dict>
    <dict>
      <key>level</key>
      <string>warning</string>
      <key>filename</key>
      <string>E:/Vivado/Vitis_HLS/2023.1/common/technology/autopilot\ap_axi_sdata.h</string>
      <key>line</key>
      <integer>126</integer>
      <key>column</key>
      <integer>9</integer>
      <key>message</key>
      <string>HLS pragma dump _XLX_SEP_ PragmaIsValid=1_XLX_SEP_ PragmaType=inline_XLX_SEP_ PragmaContext=_XLX_SEP_ PragmaFunction=get_dest_ptr_XLX_SEP_ PragmaOptions=_XLX_SEP_</string>
      <key>ID</key>
      <integer>5471</integer>
      <key>WarningOption</key>
      <string>dump-hls-pragmas</string>
    </dict>
    <dict>
      <key>level</key>
      <string>warning</string>
      <key>filename</key>
      <string>E:/Vivado/Vitis_HLS/2023.1/common/technology/autopilot\ap_axi_sdata.h</string>
      <key>line</key>
      <integer>132</integer>
      <key>column</key>
      <integer>9</integer>
      <key>message</key>
      <string>HLS pragma dump _XLX_SEP_ PragmaIsValid=1_XLX_SEP_ PragmaType=inline_XLX_SEP_ PragmaContext=_XLX_SEP_ PragmaFunction=get_data_XLX_SEP_ PragmaOptions=_XLX_SEP_</string>
      <key>ID</key>
      <integer>5471</integer>
      <key>WarningOption</key>
      <string>dump-hls-pragmas</string>
    </dict>
    <dict>
      <key>level</key>
      <string>warning</string>
      <key>filename</key>
      <string>E:/Vivado/Vitis_HLS/2023.1/common/technology/autopilot\ap_axi_sdata.h</string>
      <key>line</key>
      <integer>136</integer>
      <key>column</key>
      <integer>9</integer>
      <key>message</key>
      <string>HLS pragma dump _XLX_SEP_ PragmaIsValid=1_XLX_SEP_ PragmaType=inline_XLX_SEP_ PragmaContext=_XLX_SEP_ PragmaFunction=get_keep_XLX_SEP_ PragmaOptions=_XLX_SEP_</string>
      <key>ID</key>
      <integer>5471</integer>
      <key>WarningOption</key>
      <string>dump-hls-pragmas</string>
    </dict>
    <dict>
      <key>level</key>
      <string>warning</string>
      <key>filename</key>
      <string>E:/Vivado/Vitis_HLS/2023.1/common/technology/autopilot\ap_axi_sdata.h</string>
      <key>line</key>
      <integer>140</integer>
      <key>column</key>
      <integer>9</integer>
      <key>message</key>
      <string>HLS pragma dump _XLX_SEP_ PragmaIsValid=1_XLX_SEP_ PragmaType=inline_XLX_SEP_ PragmaContext=_XLX_SEP_ PragmaFunction=get_last_XLX_SEP_ PragmaOptions=_XLX_SEP_</string>
      <key>ID</key>
      <integer>5471</integer>
      <key>WarningOption</key>
      <string>dump-hls-pragmas</string>
    </dict>
    <dict>
      <key>level</key>
      <string>warning</string>
      <key>filename</key>
      <string>E:/Vivado/Vitis_HLS/2023.1/common/technology/autopilot\ap_axi_sdata.h</string>
      <key>line</key>
      <integer>145</integer>
      <key>column</key>
      <integer>9</integer>
      <key>message</key>
      <string>HLS pragma dump _XLX_SEP_ PragmaIsValid=1_XLX_SEP_ PragmaType=inline_XLX_SEP_ PragmaContext=_XLX_SEP_ PragmaFunction=set_data_XLX_SEP_ PragmaOptions=_XLX_SEP_</string>
      <key>ID</key>
      <integer>5471</integer>
      <key>WarningOption</key>
      <string>dump-hls-pragmas</string>
    </dict>
    <dict>
      <key>level</key>
      <string>warning</string>
      <key>filename</key>
      <string>E:/Vivado/Vitis_HLS/2023.1/common/technology/autopilot\ap_axi_sdata.h</string>
      <key>line</key>
      <integer>149</integer>
      <key>column</key>
      <integer>9</integer>
      <key>message</key>
      <string>HLS pragma dump _XLX_SEP_ PragmaIsValid=1_XLX_SEP_ PragmaType=inline_XLX_SEP_ PragmaContext=_XLX_SEP_ PragmaFunction=set_keep_XLX_SEP_ PragmaOptions=_XLX_SEP_</string>
      <key>ID</key>
      <integer>5471</integer>
      <key>WarningOption</key>
      <string>dump-hls-pragmas</string>
    </dict>
    <dict>
      <key>level</key>
      <string>warning</string>
      <key>filename</key>
      <string>E:/Vivado/Vitis_HLS/2023.1/common/technology/autopilot\ap_axi_sdata.h</string>
      <key>line</key>
      <integer>153</integer>
      <key>column</key>
      <integer>9</integer>
      <key>message</key>
      <string>HLS pragma dump _XLX_SEP_ PragmaIsValid=1_XLX_SEP_ PragmaType=inline_XLX_SEP_ PragmaContext=_XLX_SEP_ PragmaFunction=set_last_XLX_SEP_ PragmaOptions=_XLX_SEP_</string>
      <key>ID</key>
      <integer>5471</integer>
      <key>WarningOption</key>
      <string>dump-hls-pragmas</string>
    </dict>
    <dict>
      <key>level</key>
      <string>warning</string>
      <key>filename</key>
      <string>E:/Vivado/Vitis_HLS/2023.1/common/technology/autopilot\ap_axi_sdata.h</string>
      <key>line</key>
      <integer>157</integer>
      <key>column</key>
      <integer>9</integer>
      <key>message</key>
      <string>HLS pragma dump _XLX_SEP_ PragmaIsValid=1_XLX_SEP_ PragmaType=inline_XLX_SEP_ PragmaContext=_XLX_SEP_ PragmaFunction=keep_all_XLX_SEP_ PragmaOptions=_XLX_SEP_</string>
      <key>ID</key>
      <integer>5471</integer>
      <key>WarningOption</key>
      <string>dump-hls-pragmas</string>
    </dict>
    <dict>
      <key>level</key>
      <string>warning</string>
      <key>filename</key>
      <string>E:/Vivado/Vitis_HLS/2023.1/common/technology/autopilot\ap_axi_sdata.h</string>
      <key>line</key>
      <integer>163</integer>
      <key>column</key>
      <integer>9</integer>
      <key>message</key>
      <string>HLS pragma dump _XLX_SEP_ PragmaIsValid=1_XLX_SEP_ PragmaType=inline_XLX_SEP_ PragmaContext=_XLX_SEP_ PragmaFunction=qdma_axis&lt;WData, 0, 0, 0&gt;_XLX_SEP_ PragmaOptions=_XLX_SEP_</string>
      <key>ID</key>
      <integer>5471</integer>
      <key>WarningOption</key>
      <string>dump-hls-pragmas</string>
    </dict>
    <dict>
      <key>level</key>
      <string>warning</string>
      <key>filename</key>
      <string>E:/Vivado/Vitis_HLS/2023.1/common/technology/autopilot\ap_axi_sdata.h</string>
      <key>line</key>
      <integer>167</integer>
      <key>column</key>
      <integer>9</integer>
      <key>message</key>
      <string>HLS pragma dump _XLX_SEP_ PragmaIsValid=1_XLX_SEP_ PragmaType=inline_XLX_SEP_ PragmaContext=_XLX_SEP_ PragmaFunction=qdma_axis&lt;WData, 0, 0, 0&gt;_XLX_SEP_ PragmaOptions=_XLX_SEP_</string>
      <key>ID</key>
      <integer>5471</integer>
      <key>WarningOption</key>
      <string>dump-hls-pragmas</string>
    </dict>
    <dict>
      <key>level</key>
      <string>warning</string>
      <key>filename</key>
      <string>E:/Vivado/Vitis_HLS/2023.1/common/technology/autopilot\ap_axi_sdata.h</string>
      <key>line</key>
      <integer>171</integer>
      <key>column</key>
      <integer>9</integer>
      <key>message</key>
      <string>HLS pragma dump _XLX_SEP_ PragmaIsValid=1_XLX_SEP_ PragmaType=inline_XLX_SEP_ PragmaContext=_XLX_SEP_ PragmaFunction=qdma_axis&lt;WData, 0, 0, 0&gt;_XLX_SEP_ PragmaOptions=_XLX_SEP_</string>
      <key>ID</key>
      <integer>5471</integer>
      <key>WarningOption</key>
      <string>dump-hls-pragmas</string>
    </dict>
    <dict>
      <key>level</key>
      <string>warning</string>
      <key>filename</key>
      <string>E:/Vivado/Vitis_HLS/2023.1/common/technology/autopilot\ap_axi_sdata.h</string>
      <key>line</key>
      <integer>176</integer>
      <key>column</key>
      <integer>9</integer>
      <key>message</key>
      <string>HLS pragma dump _XLX_SEP_ PragmaIsValid=1_XLX_SEP_ PragmaType=inline_XLX_SEP_ PragmaContext=_XLX_SEP_ PragmaFunction=qdma_axis&lt;WData, 0, 0, 0&gt;_XLX_SEP_ PragmaOptions=_XLX_SEP_</string>
      <key>ID</key>
      <integer>5471</integer>
      <key>WarningOption</key>
      <string>dump-hls-pragmas</string>
    </dict>
    <dict>
      <key>level</key>
      <string>warning</string>
      <key>filename</key>
      <string>E:/Vivado/Vitis_HLS/2023.1/common/technology/autopilot\ap_axi_sdata.h</string>
      <key>line</key>
      <integer>181</integer>
      <key>column</key>
      <integer>9</integer>
      <key>message</key>
      <string>HLS pragma dump _XLX_SEP_ PragmaIsValid=1_XLX_SEP_ PragmaType=inline_XLX_SEP_ PragmaContext=_XLX_SEP_ PragmaFunction=qdma_axis&lt;WData, 0, 0, 0&gt;_XLX_SEP_ PragmaOptions=_XLX_SEP_</string>
      <key>ID</key>
      <integer>5471</integer>
      <key>WarningOption</key>
      <string>dump-hls-pragmas</string>
    </dict>
    <dict>
      <key>level</key>
      <string>warning</string>
      <key>filename</key>
      <string>E:/Vivado/Vitis_HLS/2023.1/common/technology/autopilot\ap_axi_sdata.h</string>
      <key>line</key>
      <integer>185</integer>
      <key>column</key>
      <integer>9</integer>
      <key>message</key>
      <string>HLS pragma dump _XLX_SEP_ PragmaIsValid=1_XLX_SEP_ PragmaType=inline_XLX_SEP_ PragmaContext=_XLX_SEP_ PragmaFunction=operator=_XLX_SEP_ PragmaOptions=_XLX_SEP_</string>
      <key>ID</key>
      <integer>5471</integer>
      <key>WarningOption</key>
      <string>dump-hls-pragmas</string>
    </dict>
    <dict>
      <key>level</key>
      <string>warning</string>
      <key>filename</key>
      <string>E:/Vivado/Vitis_HLS/2023.1/common/technology/autopilot\ap_axi_sdata.h</string>
      <key>line</key>
      <integer>220</integer>
      <key>column</key>
      <integer>9</integer>
      <key>message</key>
      <string>HLS pragma dump _XLX_SEP_ PragmaIsValid=1_XLX_SEP_ PragmaType=inline_XLX_SEP_ PragmaContext=_XLX_SEP_ PragmaFunction=empty_XLX_SEP_ PragmaOptions=_XLX_SEP_</string>
      <key>ID</key>
      <integer>5471</integer>
      <key>WarningOption</key>
      <string>dump-hls-pragmas</string>
    </dict>
    <dict>
      <key>level</key>
      <string>warning</string>
      <key>filename</key>
      <string>E:/Vivado/Vitis_HLS/2023.1/common/technology/autopilot\ap_axi_sdata.h</string>
      <key>line</key>
      <integer>227</integer>
      <key>column</key>
      <integer>9</integer>
      <key>message</key>
      <string>HLS pragma dump _XLX_SEP_ PragmaIsValid=1_XLX_SEP_ PragmaType=inline_XLX_SEP_ PragmaContext=_XLX_SEP_ PragmaFunction=full_XLX_SEP_ PragmaOptions=_XLX_SEP_</string>
      <key>ID</key>
      <integer>5471</integer>
      <key>WarningOption</key>
      <string>dump-hls-pragmas</string>
    </dict>
    <dict>
      <key>level</key>
      <string>warning</string>
      <key>filename</key>
      <string>E:/Vivado/Vitis_HLS/2023.1/common/technology/autopilot\ap_axi_sdata.h</string>
      <key>line</key>
      <integer>235</integer>
      <key>column</key>
      <integer>9</integer>
      <key>message</key>
      <string>HLS pragma dump _XLX_SEP_ PragmaIsValid=1_XLX_SEP_ PragmaType=inline_XLX_SEP_ PragmaContext=_XLX_SEP_ PragmaFunction=read_XLX_SEP_ PragmaOptions=_XLX_SEP_</string>
      <key>ID</key>
      <integer>5471</integer>
      <key>WarningOption</key>
      <string>dump-hls-pragmas</string>
    </dict>
    <dict>
      <key>level</key>
      <string>warning</string>
      <key>filename</key>
      <string>E:/Vivado/Vitis_HLS/2023.1/common/technology/autopilot\ap_axi_sdata.h</string>
      <key>line</key>
      <integer>245</integer>
      <key>column</key>
      <integer>9</integer>
      <key>message</key>
      <string>HLS pragma dump _XLX_SEP_ PragmaIsValid=1_XLX_SEP_ PragmaType=inline_XLX_SEP_ PragmaContext=_XLX_SEP_ PragmaFunction=read_XLX_SEP_ PragmaOptions=_XLX_SEP_</string>
      <key>ID</key>
      <integer>5471</integer>
      <key>WarningOption</key>
      <string>dump-hls-pragmas</string>
    </dict>
    <dict>
      <key>level</key>
      <string>warning</string>
      <key>filename</key>
      <string>E:/Vivado/Vitis_HLS/2023.1/common/technology/autopilot\ap_axi_sdata.h</string>
      <key>line</key>
      <integer>256</integer>
      <key>column</key>
      <integer>9</integer>
      <key>message</key>
      <string>HLS pragma dump _XLX_SEP_ PragmaIsValid=1_XLX_SEP_ PragmaType=inline_XLX_SEP_ PragmaContext=_XLX_SEP_ PragmaFunction=write_XLX_SEP_ PragmaOptions=_XLX_SEP_</string>
      <key>ID</key>
      <integer>5471</integer>
      <key>WarningOption</key>
      <string>dump-hls-pragmas</string>
    </dict>
    <dict>
      <key>level</key>
      <string>warning</string>
      <key>filename</key>
      <string>E:/Vivado/Vitis_HLS/2023.1/common/technology/autopilot\ap_axi_sdata.h</string>
      <key>line</key>
      <integer>266</integer>
      <key>column</key>
      <integer>9</integer>
      <key>message</key>
      <string>HLS pragma dump _XLX_SEP_ PragmaIsValid=1_XLX_SEP_ PragmaType=inline_XLX_SEP_ PragmaContext=_XLX_SEP_ PragmaFunction=read_nb_XLX_SEP_ PragmaOptions=_XLX_SEP_</string>
      <key>ID</key>
      <integer>5471</integer>
      <key>WarningOption</key>
      <string>dump-hls-pragmas</string>
    </dict>
    <dict>
      <key>level</key>
      <string>warning</string>
      <key>filename</key>
      <string>E:/Vivado/Vitis_HLS/2023.1/common/technology/autopilot\ap_axi_sdata.h</string>
      <key>line</key>
      <integer>281</integer>
      <key>column</key>
      <integer>9</integer>
      <key>message</key>
      <string>HLS pragma dump _XLX_SEP_ PragmaIsValid=1_XLX_SEP_ PragmaType=inline_XLX_SEP_ PragmaContext=_XLX_SEP_ PragmaFunction=write_nb_XLX_SEP_ PragmaOptions=_XLX_SEP_</string>
      <key>ID</key>
      <integer>5471</integer>
      <key>WarningOption</key>
      <string>dump-hls-pragmas</string>
    </dict>
    <dict>
      <key>level</key>
      <string>warning</string>
      <key>filename</key>
      <string>E:/Vivado/Vitis_HLS/2023.1/common/technology/autopilot\ap_axi_sdata.h</string>
      <key>line</key>
      <integer>317</integer>
      <key>column</key>
      <integer>9</integer>
      <key>message</key>
      <string>HLS pragma dump _XLX_SEP_ PragmaIsValid=1_XLX_SEP_ PragmaType=inline_XLX_SEP_ PragmaContext=_XLX_SEP_ PragmaFunction=empty_XLX_SEP_ PragmaOptions=_XLX_SEP_</string>
      <key>ID</key>
      <integer>5471</integer>
      <key>WarningOption</key>
      <string>dump-hls-pragmas</string>
    </dict>
    <dict>
      <key>level</key>
      <string>warning</string>
      <key>filename</key>
      <string>E:/Vivado/Vitis_HLS/2023.1/common/technology/autopilot\ap_axi_sdata.h</string>
      <key>line</key>
      <integer>324</integer>
      <key>column</key>
      <integer>9</integer>
      <key>message</key>
      <string>HLS pragma dump _XLX_SEP_ PragmaIsValid=1_XLX_SEP_ PragmaType=inline_XLX_SEP_ PragmaContext=_XLX_SEP_ PragmaFunction=full_XLX_SEP_ PragmaOptions=_XLX_SEP_</string>
      <key>ID</key>
      <integer>5471</integer>
      <key>WarningOption</key>
      <string>dump-hls-pragmas</string>
    </dict>
    <dict>
      <key>level</key>
      <string>warning</string>
      <key>filename</key>
      <string>E:/Vivado/Vitis_HLS/2023.1/common/technology/autopilot\ap_axi_sdata.h</string>
      <key>line</key>
      <integer>332</integer>
      <key>column</key>
      <integer>9</integer>
      <key>message</key>
      <string>HLS pragma dump _XLX_SEP_ PragmaIsValid=1_XLX_SEP_ PragmaType=inline_XLX_SEP_ PragmaContext=_XLX_SEP_ PragmaFunction=read_XLX_SEP_ PragmaOptions=_XLX_SEP_</string>
      <key>ID</key>
      <integer>5471</integer>
      <key>WarningOption</key>
      <string>dump-hls-pragmas</string>
    </dict>
    <dict>
      <key>level</key>
      <string>warning</string>
      <key>filename</key>
      <string>E:/Vivado/Vitis_HLS/2023.1/common/technology/autopilot\ap_axi_sdata.h</string>
      <key>line</key>
      <integer>342</integer>
      <key>column</key>
      <integer>9</integer>
      <key>message</key>
      <string>HLS pragma dump _XLX_SEP_ PragmaIsValid=1_XLX_SEP_ PragmaType=inline_XLX_SEP_ PragmaContext=_XLX_SEP_ PragmaFunction=read_XLX_SEP_ PragmaOptions=_XLX_SEP_</string>
      <key>ID</key>
      <integer>5471</integer>
      <key>WarningOption</key>
      <string>dump-hls-pragmas</string>
    </dict>
    <dict>
      <key>level</key>
      <string>warning</string>
      <key>filename</key>
      <string>E:/Vivado/Vitis_HLS/2023.1/common/technology/autopilot\ap_axi_sdata.h</string>
      <key>line</key>
      <integer>353</integer>
      <key>column</key>
      <integer>9</integer>
      <key>message</key>
      <string>HLS pragma dump _XLX_SEP_ PragmaIsValid=1_XLX_SEP_ PragmaType=inline_XLX_SEP_ PragmaContext=_XLX_SEP_ PragmaFunction=write_XLX_SEP_ PragmaOptions=_XLX_SEP_</string>
      <key>ID</key>
      <integer>5471</integer>
      <key>WarningOption</key>
      <string>dump-hls-pragmas</string>
    </dict>
    <dict>
      <key>level</key>
      <string>warning</string>
      <key>filename</key>
      <string>E:/Vivado/Vitis_HLS/2023.1/common/technology/autopilot\ap_axi_sdata.h</string>
      <key>line</key>
      <integer>363</integer>
      <key>column</key>
      <integer>9</integer>
      <key>message</key>
      <string>HLS pragma dump _XLX_SEP_ PragmaIsValid=1_XLX_SEP_ PragmaType=inline_XLX_SEP_ PragmaContext=_XLX_SEP_ PragmaFunction=read_nb_XLX_SEP_ PragmaOptions=_XLX_SEP_</string>
      <key>ID</key>
      <integer>5471</integer>
      <key>WarningOption</key>
      <string>dump-hls-pragmas</string>
    </dict>
    <dict>
      <key>level</key>
      <string>warning</string>
      <key>filename</key>
      <string>E:/Vivado/Vitis_HLS/2023.1/common/technology/autopilot\ap_axi_sdata.h</string>
      <key>line</key>
      <integer>379</integer>
      <key>column</key>
      <integer>9</integer>
      <key>message</key>
      <string>HLS pragma dump _XLX_SEP_ PragmaIsValid=1_XLX_SEP_ PragmaType=inline_XLX_SEP_ PragmaContext=_XLX_SEP_ PragmaFunction=write_nb_XLX_SEP_ PragmaOptions=_XLX_SEP_</string>
      <key>ID</key>
      <integer>5471</integer>
      <key>WarningOption</key>
      <string>dump-hls-pragmas</string>
    </dict>
    <dict>
      <key>level</key>
      <string>warning</string>
      <key>filename</key>
      <string>D:/SoC_lab/Ex3/solution1/csynth.tcl</string>
      <key>line</key>
      <integer>14</integer>
      <key>column</key>
      <integer>9</integer>
      <key>message</key>
      <string>HLS pragma dump _XLX_SEP_ PragmaIsValid=1_XLX_SEP_ PragmaType=top_XLX_SEP_ PragmaContext=directive_XLX_SEP_ PragmaFunction=FIR_ALL_NEW_XLX_SEP_ PragmaOptions=name=FIR_ALL_NEW_XLX_SEP_</string>
      <key>ID</key>
      <integer>5471</integer>
      <key>WarningOption</key>
      <string>dump-hls-pragmas</string>
    </dict>
    <dict>
      <key>level</key>
      <string>warning</string>
      <key>filename</key>
      <string>Ex3/FIR.cpp</string>
      <key>line</key>
      <integer>11</integer>
      <key>column</key>
      <integer>9</integer>
      <key>message</key>
      <string>HLS pragma dump _XLX_SEP_ PragmaIsValid=1_XLX_SEP_ PragmaType=interface_XLX_SEP_ PragmaContext=_XLX_SEP_ PragmaFunction=FIR_ALL_NEW_XLX_SEP_ PragmaOptions=axis port=s_axis_XLX_SEP_</string>
      <key>ID</key>
      <integer>5471</integer>
      <key>WarningOption</key>
      <string>dump-hls-pragmas</string>
    </dict>
    <dict>
      <key>level</key>
      <string>warning</string>
      <key>filename</key>
      <string>Ex3/FIR.cpp</string>
      <key>line</key>
      <integer>12</integer>
      <key>column</key>
      <integer>9</integer>
      <key>message</key>
      <string>HLS pragma dump _XLX_SEP_ PragmaIsValid=1_XLX_SEP_ PragmaType=interface_XLX_SEP_ PragmaContext=_XLX_SEP_ PragmaFunction=FIR_ALL_NEW_XLX_SEP_ PragmaOptions=axis port=m_axis_XLX_SEP_</string>
      <key>ID</key>
      <integer>5471</integer>
      <key>WarningOption</key>
      <string>dump-hls-pragmas</string>
    </dict>
    <dict>
      <key>level</key>
      <string>warning</string>
      <key>filename</key>
      <string>Ex3/FIR.cpp</string>
      <key>line</key>
      <integer>13</integer>
      <key>column</key>
      <integer>9</integer>
      <key>message</key>
      <string>HLS pragma dump _XLX_SEP_ PragmaIsValid=1_XLX_SEP_ PragmaType=interface_XLX_SEP_ PragmaContext=_XLX_SEP_ PragmaFunction=FIR_ALL_NEW_XLX_SEP_ PragmaOptions=ap_ctrl_none port=return_XLX_SEP_</string>
      <key>ID</key>
      <integer>5471</integer>
      <key>WarningOption</key>
      <string>dump-hls-pragmas</string>
    </dict>
    <dict>
      <key>level</key>
      <string>warning</string>
      <key>filename</key>
      <string>Ex3/FIR.cpp</string>
      <key>line</key>
      <integer>18</integer>
      <key>column</key>
      <integer>9</integer>
      <key>message</key>
      <string>HLS pragma dump _XLX_SEP_ PragmaIsValid=1_XLX_SEP_ PragmaType=array_partition_XLX_SEP_ PragmaContext=_XLX_SEP_ PragmaFunction=FIR_ALL_NEW_XLX_SEP_ PragmaOptions=variable=shift_reg complete_XLX_SEP_</string>
      <key>ID</key>
      <integer>5471</integer>
      <key>WarningOption</key>
      <string>dump-hls-pragmas</string>
    </dict>
    <dict>
      <key>level</key>
      <string>warning</string>
      <key>filename</key>
      <string>Ex3/FIR.cpp</string>
      <key>line</key>
      <integer>29</integer>
      <key>column</key>
      <integer>9</integer>
      <key>message</key>
      <string>HLS pragma dump _XLX_SEP_ PragmaIsValid=1_XLX_SEP_ PragmaType=unroll_XLX_SEP_ PragmaContext=_XLX_SEP_ PragmaFunction=FIR_ALL_NEW_XLX_SEP_ PragmaOptions=_XLX_SEP_</string>
      <key>ID</key>
      <integer>5471</integer>
      <key>WarningOption</key>
      <string>dump-hls-pragmas</string>
    </dict>
  </array>
</dict>
