<stg><name>FIR_ALL_NEW</name>


<trans_list>

<trans id="58" from="1" to="2">
<condition id="-1">
<or_exp><and_exp></and_exp></or_exp>
</condition>
</trans>

<trans id="59" from="2" to="3">
<condition id="-1">
<or_exp><and_exp></and_exp></or_exp>
</condition>
</trans>

<trans id="60" from="3" to="4">
<condition id="-1">
<or_exp><and_exp></and_exp></or_exp>
</condition>
</trans>

<trans id="61" from="4" to="5">
<condition id="-1">
<or_exp><and_exp></and_exp></or_exp>
</condition>
</trans>
</trans_list>



<state_list>

<state id="1" st_id="1">

<operation id="6" st_id="1" stage="1" lat="1">
<core>axis</core>
<MemPortIdVec></MemPortIdVec>
<condition id="-1">
<or_exp><and_exp></and_exp></or_exp>
</condition>

<Node id="30" bw="41" op_0_bw="41" op_1_bw="32" op_2_bw="4" op_3_bw="4" op_4_bw="1">
<![CDATA[
entry:12 %empty = read i41 @_ssdm_op_Read.axis.volatile.i32P0A.i4P0A.i4P0A.i1P0A, i32 %s_axis_V_data_V, i4 %s_axis_V_keep_V, i4 %s_axis_V_strb_V, i1 %s_axis_V_last_V

]]></Node>
<StgValue><ssdm name="empty"/></StgValue>
</operation>

<operation id="7" st_id="1" stage="1" lat="1">
<core>NULL</core>
<MemPortIdVec></MemPortIdVec>
<condition id="-1">
<or_exp><and_exp></and_exp></or_exp>
</condition>

<Node id="31" bw="32" op_0_bw="41">
<![CDATA[
entry:13 %in_pkt_data_V = extractvalue i41 %empty

]]></Node>
<StgValue><ssdm name="in_pkt_data_V"/></StgValue>
</operation>

<operation id="8" st_id="1" stage="1" lat="1">
<core>NULL</core>
<MemPortIdVec></MemPortIdVec>
<condition id="-1">
<or_exp><and_exp></and_exp></or_exp>
</condition>

<Node id="32" bw="1" op_0_bw="41">
<![CDATA[
entry:14 %in_pkt_last_V = extractvalue i41 %empty

]]></Node>
<StgValue><ssdm name="in_pkt_last_V"/></StgValue>
</operation>

<operation id="9" st_id="1" stage="1" lat="1">
<core>NULL</core>
<MemPortIdVec></MemPortIdVec>
<condition id="-1">
<or_exp><and_exp></and_exp></or_exp>
</condition>

<Node id="33" bw="32" op_0_bw="32">
<![CDATA[
entry:15 %FIR_ALL_NEW_stream_stream_axis_ap_uint_32_0ul_0ul_0ul_0_shift_reg_load = load i32 %FIR_ALL_NEW_stream_stream_axis_ap_uint_32_0ul_0ul_0ul_0_shift_reg

]]></Node>
<StgValue><ssdm name="FIR_ALL_NEW_stream_stream_axis_ap_uint_32_0ul_0ul_0ul_0_shift_reg_load"/></StgValue>
</operation>

<operation id="10" st_id="1" stage="1" lat="1">
<core>NULL</core>
<MemPortIdVec></MemPortIdVec>
<condition id="-1">
<or_exp><and_exp></and_exp></or_exp>
</condition>

<Node id="34" bw="32" op_0_bw="32">
<![CDATA[
entry:16 %FIR_ALL_NEW_stream_stream_axis_ap_uint_32_0ul_0ul_0ul_0_shift_reg_1_load = load i32 %FIR_ALL_NEW_stream_stream_axis_ap_uint_32_0ul_0ul_0ul_0_shift_reg_1

]]></Node>
<StgValue><ssdm name="FIR_ALL_NEW_stream_stream_axis_ap_uint_32_0ul_0ul_0ul_0_shift_reg_1_load"/></StgValue>
</operation>

<operation id="11" st_id="1" stage="1" lat="1">
<core>NULL</core>
<MemPortIdVec></MemPortIdVec>
<condition id="-1">
<or_exp><and_exp></and_exp></or_exp>
</condition>

<Node id="35" bw="32" op_0_bw="32">
<![CDATA[
entry:17 %FIR_ALL_NEW_stream_stream_axis_ap_uint_32_0ul_0ul_0ul_0_shift_reg_2_load = load i32 %FIR_ALL_NEW_stream_stream_axis_ap_uint_32_0ul_0ul_0ul_0_shift_reg_2

]]></Node>
<StgValue><ssdm name="FIR_ALL_NEW_stream_stream_axis_ap_uint_32_0ul_0ul_0ul_0_shift_reg_2_load"/></StgValue>
</operation>

<operation id="12" st_id="1" stage="1" lat="1">
<core>NULL</core>
<MemPortIdVec></MemPortIdVec>
<condition id="-1">
<or_exp><and_exp></and_exp></or_exp>
</condition>

<Node id="36" bw="32" op_0_bw="32">
<![CDATA[
entry:18 %FIR_ALL_NEW_stream_stream_axis_ap_uint_32_0ul_0ul_0ul_0_shift_reg_3_load = load i32 %FIR_ALL_NEW_stream_stream_axis_ap_uint_32_0ul_0ul_0ul_0_shift_reg_3

]]></Node>
<StgValue><ssdm name="FIR_ALL_NEW_stream_stream_axis_ap_uint_32_0ul_0ul_0ul_0_shift_reg_3_load"/></StgValue>
</operation>

<operation id="13" st_id="1" stage="1" lat="1">
<core>NULL</core>
<MemPortIdVec></MemPortIdVec>
<condition id="-1">
<or_exp><and_exp></and_exp></or_exp>
</condition>

<Node id="37" bw="32" op_0_bw="32">
<![CDATA[
entry:19 %FIR_ALL_NEW_stream_stream_axis_ap_uint_32_0ul_0ul_0ul_0_shift_reg_4_load = load i32 %FIR_ALL_NEW_stream_stream_axis_ap_uint_32_0ul_0ul_0ul_0_shift_reg_4

]]></Node>
<StgValue><ssdm name="FIR_ALL_NEW_stream_stream_axis_ap_uint_32_0ul_0ul_0ul_0_shift_reg_4_load"/></StgValue>
</operation>

<operation id="14" st_id="1" stage="1" lat="1">
<core>NULL</core>
<MemPortIdVec></MemPortIdVec>
<condition id="-1">
<or_exp><and_exp></and_exp></or_exp>
</condition>

<Node id="38" bw="32" op_0_bw="32">
<![CDATA[
entry:20 %FIR_ALL_NEW_stream_stream_axis_ap_uint_32_0ul_0ul_0ul_0_shift_reg_5_load = load i32 %FIR_ALL_NEW_stream_stream_axis_ap_uint_32_0ul_0ul_0ul_0_shift_reg_5

]]></Node>
<StgValue><ssdm name="FIR_ALL_NEW_stream_stream_axis_ap_uint_32_0ul_0ul_0ul_0_shift_reg_5_load"/></StgValue>
</operation>

<operation id="15" st_id="1" stage="1" lat="1">
<core>NULL</core>
<MemPortIdVec></MemPortIdVec>
<condition id="-1">
<or_exp><and_exp></and_exp></or_exp>
</condition>

<Node id="40" bw="32" op_0_bw="32">
<![CDATA[
entry:22 %FIR_ALL_NEW_stream_stream_axis_ap_uint_32_0ul_0ul_0ul_0_shift_reg_6_load = load i32 %FIR_ALL_NEW_stream_stream_axis_ap_uint_32_0ul_0ul_0ul_0_shift_reg_6

]]></Node>
<StgValue><ssdm name="FIR_ALL_NEW_stream_stream_axis_ap_uint_32_0ul_0ul_0ul_0_shift_reg_6_load"/></StgValue>
</operation>

<operation id="16" st_id="1" stage="1" lat="1">
<core>NULL</core>
<MemPortIdVec></MemPortIdVec>
<condition id="-1">
<or_exp><and_exp></and_exp></or_exp>
</condition>

<Node id="41" bw="32" op_0_bw="32">
<![CDATA[
entry:23 %FIR_ALL_NEW_stream_stream_axis_ap_uint_32_0ul_0ul_0ul_0_shift_reg_7_load = load i32 %FIR_ALL_NEW_stream_stream_axis_ap_uint_32_0ul_0ul_0ul_0_shift_reg_7

]]></Node>
<StgValue><ssdm name="FIR_ALL_NEW_stream_stream_axis_ap_uint_32_0ul_0ul_0ul_0_shift_reg_7_load"/></StgValue>
</operation>

<operation id="17" st_id="1" stage="1" lat="1">
<core>NULL</core>
<MemPortIdVec></MemPortIdVec>
<condition id="-1">
<or_exp><and_exp></and_exp></or_exp>
</condition>

<Node id="42" bw="32" op_0_bw="32">
<![CDATA[
entry:24 %FIR_ALL_NEW_stream_stream_axis_ap_uint_32_0ul_0ul_0ul_0_shift_reg_8_load = load i32 %FIR_ALL_NEW_stream_stream_axis_ap_uint_32_0ul_0ul_0ul_0_shift_reg_8

]]></Node>
<StgValue><ssdm name="FIR_ALL_NEW_stream_stream_axis_ap_uint_32_0ul_0ul_0ul_0_shift_reg_8_load"/></StgValue>
</operation>

<operation id="18" st_id="1" stage="1" lat="1">
<core>NULL</core>
<MemPortIdVec></MemPortIdVec>
<condition id="-1">
<or_exp><and_exp></and_exp></or_exp>
</condition>

<Node id="43" bw="0" op_0_bw="32" op_1_bw="32" op_2_bw="0">
<![CDATA[
entry:25 %store_ln34 = store i32 %FIR_ALL_NEW_stream_stream_axis_ap_uint_32_0ul_0ul_0ul_0_shift_reg_1_load, i32 %FIR_ALL_NEW_stream_stream_axis_ap_uint_32_0ul_0ul_0ul_0_shift_reg

]]></Node>
<StgValue><ssdm name="store_ln34"/></StgValue>
</operation>

<operation id="19" st_id="1" stage="1" lat="1">
<core>NULL</core>
<MemPortIdVec></MemPortIdVec>
<condition id="-1">
<or_exp><and_exp></and_exp></or_exp>
</condition>

<Node id="44" bw="0" op_0_bw="32" op_1_bw="32" op_2_bw="0">
<![CDATA[
entry:26 %store_ln34 = store i32 %FIR_ALL_NEW_stream_stream_axis_ap_uint_32_0ul_0ul_0ul_0_shift_reg_2_load, i32 %FIR_ALL_NEW_stream_stream_axis_ap_uint_32_0ul_0ul_0ul_0_shift_reg_1

]]></Node>
<StgValue><ssdm name="store_ln34"/></StgValue>
</operation>

<operation id="20" st_id="1" stage="1" lat="1">
<core>NULL</core>
<MemPortIdVec></MemPortIdVec>
<condition id="-1">
<or_exp><and_exp></and_exp></or_exp>
</condition>

<Node id="45" bw="0" op_0_bw="32" op_1_bw="32" op_2_bw="0">
<![CDATA[
entry:27 %store_ln34 = store i32 %FIR_ALL_NEW_stream_stream_axis_ap_uint_32_0ul_0ul_0ul_0_shift_reg_3_load, i32 %FIR_ALL_NEW_stream_stream_axis_ap_uint_32_0ul_0ul_0ul_0_shift_reg_2

]]></Node>
<StgValue><ssdm name="store_ln34"/></StgValue>
</operation>

<operation id="21" st_id="1" stage="1" lat="1">
<core>NULL</core>
<MemPortIdVec></MemPortIdVec>
<condition id="-1">
<or_exp><and_exp></and_exp></or_exp>
</condition>

<Node id="46" bw="0" op_0_bw="32" op_1_bw="32" op_2_bw="0">
<![CDATA[
entry:28 %store_ln34 = store i32 %FIR_ALL_NEW_stream_stream_axis_ap_uint_32_0ul_0ul_0ul_0_shift_reg_4_load, i32 %FIR_ALL_NEW_stream_stream_axis_ap_uint_32_0ul_0ul_0ul_0_shift_reg_3

]]></Node>
<StgValue><ssdm name="store_ln34"/></StgValue>
</operation>

<operation id="22" st_id="1" stage="1" lat="1">
<core>NULL</core>
<MemPortIdVec></MemPortIdVec>
<condition id="-1">
<or_exp><and_exp></and_exp></or_exp>
</condition>

<Node id="47" bw="0" op_0_bw="32" op_1_bw="32" op_2_bw="0">
<![CDATA[
entry:29 %store_ln34 = store i32 %FIR_ALL_NEW_stream_stream_axis_ap_uint_32_0ul_0ul_0ul_0_shift_reg_5_load, i32 %FIR_ALL_NEW_stream_stream_axis_ap_uint_32_0ul_0ul_0ul_0_shift_reg_4

]]></Node>
<StgValue><ssdm name="store_ln34"/></StgValue>
</operation>

<operation id="23" st_id="1" stage="1" lat="1">
<core>NULL</core>
<MemPortIdVec></MemPortIdVec>
<condition id="-1">
<or_exp><and_exp></and_exp></or_exp>
</condition>

<Node id="48" bw="0" op_0_bw="32" op_1_bw="32" op_2_bw="0">
<![CDATA[
entry:30 %store_ln34 = store i32 %FIR_ALL_NEW_stream_stream_axis_ap_uint_32_0ul_0ul_0ul_0_shift_reg_6_load, i32 %FIR_ALL_NEW_stream_stream_axis_ap_uint_32_0ul_0ul_0ul_0_shift_reg_5

]]></Node>
<StgValue><ssdm name="store_ln34"/></StgValue>
</operation>

<operation id="24" st_id="1" stage="1" lat="1">
<core>NULL</core>
<MemPortIdVec></MemPortIdVec>
<condition id="-1">
<or_exp><and_exp></and_exp></or_exp>
</condition>

<Node id="49" bw="0" op_0_bw="32" op_1_bw="32" op_2_bw="0">
<![CDATA[
entry:31 %store_ln34 = store i32 %FIR_ALL_NEW_stream_stream_axis_ap_uint_32_0ul_0ul_0ul_0_shift_reg_7_load, i32 %FIR_ALL_NEW_stream_stream_axis_ap_uint_32_0ul_0ul_0ul_0_shift_reg_6

]]></Node>
<StgValue><ssdm name="store_ln34"/></StgValue>
</operation>

<operation id="25" st_id="1" stage="1" lat="1">
<core>NULL</core>
<MemPortIdVec></MemPortIdVec>
<condition id="-1">
<or_exp><and_exp></and_exp></or_exp>
</condition>

<Node id="50" bw="0" op_0_bw="32" op_1_bw="32" op_2_bw="0">
<![CDATA[
entry:32 %store_ln34 = store i32 %FIR_ALL_NEW_stream_stream_axis_ap_uint_32_0ul_0ul_0ul_0_shift_reg_8_load, i32 %FIR_ALL_NEW_stream_stream_axis_ap_uint_32_0ul_0ul_0ul_0_shift_reg_7

]]></Node>
<StgValue><ssdm name="store_ln34"/></StgValue>
</operation>

<operation id="26" st_id="1" stage="1" lat="1">
<core>NULL</core>
<MemPortIdVec></MemPortIdVec>
<condition id="-1">
<or_exp><and_exp></and_exp></or_exp>
</condition>

<Node id="51" bw="0" op_0_bw="32" op_1_bw="32" op_2_bw="0">
<![CDATA[
entry:33 %store_ln31 = store i32 %in_pkt_data_V, i32 %FIR_ALL_NEW_stream_stream_axis_ap_uint_32_0ul_0ul_0ul_0_shift_reg_8

]]></Node>
<StgValue><ssdm name="store_ln31"/></StgValue>
</operation>

<operation id="27" st_id="1" stage="1" lat="1">
<core>Adder</core>
<MemPortIdVec></MemPortIdVec>
<condition id="-1">
<or_exp><and_exp></and_exp></or_exp>
</condition>

<Node id="52" bw="32" op_0_bw="32" op_1_bw="32">
<![CDATA[
entry:34 %tmp = add i32 %FIR_ALL_NEW_stream_stream_axis_ap_uint_32_0ul_0ul_0ul_0_shift_reg_6_load, i32 %FIR_ALL_NEW_stream_stream_axis_ap_uint_32_0ul_0ul_0ul_0_shift_reg_4_load

]]></Node>
<StgValue><ssdm name="tmp"/></StgValue>
</operation>

<operation id="28" st_id="1" stage="1" lat="1">
<core>Adder</core>
<MemPortIdVec></MemPortIdVec>
<condition id="-1">
<or_exp><and_exp></and_exp></or_exp>
</condition>

<Node id="54" bw="32" op_0_bw="32" op_1_bw="32">
<![CDATA[
entry:36 %tmp2 = add i32 %FIR_ALL_NEW_stream_stream_axis_ap_uint_32_0ul_0ul_0ul_0_shift_reg_7_load, i32 %FIR_ALL_NEW_stream_stream_axis_ap_uint_32_0ul_0ul_0ul_0_shift_reg_2_load

]]></Node>
<StgValue><ssdm name="tmp2"/></StgValue>
</operation>

<operation id="29" st_id="1" stage="1" lat="1">
<core>Adder</core>
<MemPortIdVec></MemPortIdVec>
<condition id="-1">
<or_exp><and_exp></and_exp></or_exp>
</condition>

<Node id="56" bw="32" op_0_bw="32" op_1_bw="32">
<![CDATA[
entry:38 %tmp4 = add i32 %FIR_ALL_NEW_stream_stream_axis_ap_uint_32_0ul_0ul_0ul_0_shift_reg_load, i32 %in_pkt_data_V

]]></Node>
<StgValue><ssdm name="tmp4"/></StgValue>
</operation>
</state>

<state id="2" st_id="2">

<operation id="30" st_id="2" stage="2" lat="2">
<core>Multiplier</core>
<MemPortIdVec></MemPortIdVec>
<condition id="-1">
<or_exp><and_exp></and_exp></or_exp>
</condition>

<Node id="39" bw="32" op_0_bw="32" op_1_bw="32">
<![CDATA[
entry:21 %mul_ln35 = mul i32 %FIR_ALL_NEW_stream_stream_axis_ap_uint_32_0ul_0ul_0ul_0_shift_reg_5_load, i32 500

]]></Node>
<StgValue><ssdm name="mul_ln35"/></StgValue>
</operation>

<operation id="31" st_id="2" stage="2" lat="2">
<core>Multiplier</core>
<MemPortIdVec></MemPortIdVec>
<condition id="-1">
<or_exp><and_exp></and_exp></or_exp>
</condition>

<Node id="53" bw="32" op_0_bw="32" op_1_bw="32">
<![CDATA[
entry:35 %tmp1 = mul i32 %tmp, i32 313

]]></Node>
<StgValue><ssdm name="tmp1"/></StgValue>
</operation>

<operation id="32" st_id="2" stage="2" lat="2">
<core>Multiplier</core>
<MemPortIdVec></MemPortIdVec>
<condition id="-1">
<or_exp><and_exp></and_exp></or_exp>
</condition>

<Node id="55" bw="32" op_0_bw="32" op_1_bw="32">
<![CDATA[
entry:37 %tmp3 = mul i32 %tmp2, i32 4294967205

]]></Node>
<StgValue><ssdm name="tmp3"/></StgValue>
</operation>

<operation id="33" st_id="2" stage="2" lat="2">
<core>Multiplier</core>
<MemPortIdVec></MemPortIdVec>
<condition id="-1">
<or_exp><and_exp></and_exp></or_exp>
</condition>

<Node id="57" bw="32" op_0_bw="32" op_1_bw="32">
<![CDATA[
entry:39 %tmp5 = mul i32 %tmp4, i32 53

]]></Node>
<StgValue><ssdm name="tmp5"/></StgValue>
</operation>
</state>

<state id="3" st_id="3">

<operation id="34" st_id="3" stage="1" lat="2">
<core>Multiplier</core>
<MemPortIdVec></MemPortIdVec>
<condition id="-1">
<or_exp><and_exp></and_exp></or_exp>
</condition>

<Node id="39" bw="32" op_0_bw="32" op_1_bw="32">
<![CDATA[
entry:21 %mul_ln35 = mul i32 %FIR_ALL_NEW_stream_stream_axis_ap_uint_32_0ul_0ul_0ul_0_shift_reg_5_load, i32 500

]]></Node>
<StgValue><ssdm name="mul_ln35"/></StgValue>
</operation>

<operation id="35" st_id="3" stage="1" lat="2">
<core>Multiplier</core>
<MemPortIdVec></MemPortIdVec>
<condition id="-1">
<or_exp><and_exp></and_exp></or_exp>
</condition>

<Node id="53" bw="32" op_0_bw="32" op_1_bw="32">
<![CDATA[
entry:35 %tmp1 = mul i32 %tmp, i32 313

]]></Node>
<StgValue><ssdm name="tmp1"/></StgValue>
</operation>

<operation id="36" st_id="3" stage="1" lat="2">
<core>Multiplier</core>
<MemPortIdVec></MemPortIdVec>
<condition id="-1">
<or_exp><and_exp></and_exp></or_exp>
</condition>

<Node id="55" bw="32" op_0_bw="32" op_1_bw="32">
<![CDATA[
entry:37 %tmp3 = mul i32 %tmp2, i32 4294967205

]]></Node>
<StgValue><ssdm name="tmp3"/></StgValue>
</operation>

<operation id="37" st_id="3" stage="1" lat="2">
<core>Multiplier</core>
<MemPortIdVec></MemPortIdVec>
<condition id="-1">
<or_exp><and_exp></and_exp></or_exp>
</condition>

<Node id="57" bw="32" op_0_bw="32" op_1_bw="32">
<![CDATA[
entry:39 %tmp5 = mul i32 %tmp4, i32 53

]]></Node>
<StgValue><ssdm name="tmp5"/></StgValue>
</operation>
</state>

<state id="4" st_id="4">

<operation id="38" st_id="4" stage="1" lat="1">
<core>TAddSub</core>
<MemPortIdVec></MemPortIdVec>
<condition id="-1">
<or_exp><and_exp></and_exp></or_exp>
</condition>

<Node id="58" bw="32" op_0_bw="32" op_1_bw="32">
<![CDATA[
entry:40 %add_ln32 = add i32 %mul_ln35, i32 %tmp5

]]></Node>
<StgValue><ssdm name="add_ln32"/></StgValue>
</operation>

<operation id="39" st_id="4" stage="1" lat="1">
<core>Adder</core>
<MemPortIdVec></MemPortIdVec>
<condition id="-1">
<or_exp><and_exp></and_exp></or_exp>
</condition>

<Node id="59" bw="32" op_0_bw="32" op_1_bw="32">
<![CDATA[
entry:41 %add_ln32_1 = add i32 %tmp1, i32 %tmp3

]]></Node>
<StgValue><ssdm name="add_ln32_1"/></StgValue>
</operation>

<operation id="40" st_id="4" stage="1" lat="1">
<core>TAddSub</core>
<MemPortIdVec></MemPortIdVec>
<condition id="-1">
<or_exp><and_exp></and_exp></or_exp>
</condition>

<Node id="60" bw="32" op_0_bw="32" op_1_bw="32">
<![CDATA[
entry:42 %acc = add i32 %add_ln32_1, i32 %add_ln32

]]></Node>
<StgValue><ssdm name="acc"/></StgValue>
</operation>

<operation id="41" st_id="4" stage="2" lat="2">
<core>axis</core>
<MemPortIdVec></MemPortIdVec>
<condition id="-1">
<or_exp><and_exp></and_exp></or_exp>
</condition>

<Node id="61" bw="0" op_0_bw="0" op_1_bw="32" op_2_bw="4" op_3_bw="4" op_4_bw="1" op_5_bw="32" op_6_bw="4" op_7_bw="4" op_8_bw="1">
<![CDATA[
entry:43 %write_ln47 = write void @_ssdm_op_Write.axis.volatile.i32P0A.i4P0A.i4P0A.i1P0A, i32 %m_axis_V_data_V, i4 %m_axis_V_keep_V, i4 %m_axis_V_strb_V, i1 %m_axis_V_last_V, i32 %acc, i4 15, i4 0, i1 %in_pkt_last_V

]]></Node>
<StgValue><ssdm name="write_ln47"/></StgValue>
</operation>
</state>

<state id="5" st_id="5">

<operation id="42" st_id="5" stage="1" lat="1">
<core>NULL</core>
<MemPortIdVec></MemPortIdVec>
<condition id="-1">
<or_exp><and_exp></and_exp></or_exp>
</condition>

<Node id="18" bw="0" op_0_bw="0" op_1_bw="0">
<![CDATA[
entry:0 %spectopmodule_ln8 = spectopmodule void @_ssdm_op_SpecTopModule, void @empty_4

]]></Node>
<StgValue><ssdm name="spectopmodule_ln8"/></StgValue>
</operation>

<operation id="43" st_id="5" stage="1" lat="1">
<core>NULL</core>
<MemPortIdVec></MemPortIdVec>
<condition id="-1">
<or_exp><and_exp></and_exp></or_exp>
</condition>

<Node id="19" bw="0" op_0_bw="0" op_1_bw="32" op_2_bw="0" op_3_bw="32" op_4_bw="32" op_5_bw="0" op_6_bw="32" op_7_bw="32" op_8_bw="0" op_9_bw="0" op_10_bw="0" op_11_bw="32" op_12_bw="32" op_13_bw="32" op_14_bw="32" op_15_bw="0" op_16_bw="0" op_17_bw="32" op_18_bw="32">
<![CDATA[
entry:1 %specinterface_ln8 = specinterface void @_ssdm_op_SpecInterface, i32 0, void @empty_5, i32 0, i32 0, void @empty_1, i32 0, i32 0, void @empty_1, void @empty_1, void @empty_1, i32 0, i32 0, i32 0, i32 0, void @empty_1, void @empty_1, i32 4294967295, i32 0

]]></Node>
<StgValue><ssdm name="specinterface_ln8"/></StgValue>
</operation>

<operation id="44" st_id="5" stage="1" lat="1">
<core>NULL</core>
<MemPortIdVec></MemPortIdVec>
<condition id="-1">
<or_exp><and_exp></and_exp></or_exp>
</condition>

<Node id="20" bw="0" op_0_bw="0" op_1_bw="32" op_2_bw="4" op_3_bw="4" op_4_bw="1" op_5_bw="0" op_6_bw="32" op_7_bw="32" op_8_bw="0" op_9_bw="32" op_10_bw="32" op_11_bw="0" op_12_bw="0" op_13_bw="0" op_14_bw="32" op_15_bw="32" op_16_bw="32" op_17_bw="32" op_18_bw="0" op_19_bw="0" op_20_bw="32" op_21_bw="32">
<![CDATA[
entry:2 %specinterface_ln0 = specinterface void @_ssdm_op_SpecInterface, i32 %s_axis_V_data_V, i4 %s_axis_V_keep_V, i4 %s_axis_V_strb_V, i1 %s_axis_V_last_V, void @empty, i32 1, i32 1, void @empty_0, i32 0, i32 0, void @empty_1, void @empty_1, void @empty_1, i32 0, i32 0, i32 0, i32 0, void @empty_1, void @empty_1, i32 4294967295, i32 0

]]></Node>
<StgValue><ssdm name="specinterface_ln0"/></StgValue>
</operation>

<operation id="45" st_id="5" stage="1" lat="1">
<core>NULL</core>
<MemPortIdVec></MemPortIdVec>
<condition id="-1">
<or_exp><and_exp></and_exp></or_exp>
</condition>

<Node id="21" bw="0" op_0_bw="0" op_1_bw="32">
<![CDATA[
entry:3 %specbitsmap_ln0 = specbitsmap void @_ssdm_op_SpecBitsMap, i32 %s_axis_V_data_V

]]></Node>
<StgValue><ssdm name="specbitsmap_ln0"/></StgValue>
</operation>

<operation id="46" st_id="5" stage="1" lat="1">
<core>NULL</core>
<MemPortIdVec></MemPortIdVec>
<condition id="-1">
<or_exp><and_exp></and_exp></or_exp>
</condition>

<Node id="22" bw="0" op_0_bw="0" op_1_bw="4">
<![CDATA[
entry:4 %specbitsmap_ln0 = specbitsmap void @_ssdm_op_SpecBitsMap, i4 %s_axis_V_keep_V

]]></Node>
<StgValue><ssdm name="specbitsmap_ln0"/></StgValue>
</operation>

<operation id="47" st_id="5" stage="1" lat="1">
<core>NULL</core>
<MemPortIdVec></MemPortIdVec>
<condition id="-1">
<or_exp><and_exp></and_exp></or_exp>
</condition>

<Node id="23" bw="0" op_0_bw="0" op_1_bw="4">
<![CDATA[
entry:5 %specbitsmap_ln0 = specbitsmap void @_ssdm_op_SpecBitsMap, i4 %s_axis_V_strb_V

]]></Node>
<StgValue><ssdm name="specbitsmap_ln0"/></StgValue>
</operation>

<operation id="48" st_id="5" stage="1" lat="1">
<core>NULL</core>
<MemPortIdVec></MemPortIdVec>
<condition id="-1">
<or_exp><and_exp></and_exp></or_exp>
</condition>

<Node id="24" bw="0" op_0_bw="0" op_1_bw="1">
<![CDATA[
entry:6 %specbitsmap_ln0 = specbitsmap void @_ssdm_op_SpecBitsMap, i1 %s_axis_V_last_V

]]></Node>
<StgValue><ssdm name="specbitsmap_ln0"/></StgValue>
</operation>

<operation id="49" st_id="5" stage="1" lat="1">
<core>NULL</core>
<MemPortIdVec></MemPortIdVec>
<condition id="-1">
<or_exp><and_exp></and_exp></or_exp>
</condition>

<Node id="25" bw="0" op_0_bw="0" op_1_bw="32" op_2_bw="4" op_3_bw="4" op_4_bw="1" op_5_bw="0" op_6_bw="32" op_7_bw="32" op_8_bw="0" op_9_bw="32" op_10_bw="32" op_11_bw="0" op_12_bw="0" op_13_bw="0" op_14_bw="32" op_15_bw="32" op_16_bw="32" op_17_bw="32" op_18_bw="0" op_19_bw="0" op_20_bw="32" op_21_bw="32">
<![CDATA[
entry:7 %specinterface_ln0 = specinterface void @_ssdm_op_SpecInterface, i32 %m_axis_V_data_V, i4 %m_axis_V_keep_V, i4 %m_axis_V_strb_V, i1 %m_axis_V_last_V, void @empty, i32 1, i32 1, void @empty_0, i32 0, i32 0, void @empty_1, void @empty_1, void @empty_1, i32 0, i32 0, i32 0, i32 0, void @empty_1, void @empty_1, i32 4294967295, i32 0

]]></Node>
<StgValue><ssdm name="specinterface_ln0"/></StgValue>
</operation>

<operation id="50" st_id="5" stage="1" lat="1">
<core>NULL</core>
<MemPortIdVec></MemPortIdVec>
<condition id="-1">
<or_exp><and_exp></and_exp></or_exp>
</condition>

<Node id="26" bw="0" op_0_bw="0" op_1_bw="32">
<![CDATA[
entry:8 %specbitsmap_ln0 = specbitsmap void @_ssdm_op_SpecBitsMap, i32 %m_axis_V_data_V

]]></Node>
<StgValue><ssdm name="specbitsmap_ln0"/></StgValue>
</operation>

<operation id="51" st_id="5" stage="1" lat="1">
<core>NULL</core>
<MemPortIdVec></MemPortIdVec>
<condition id="-1">
<or_exp><and_exp></and_exp></or_exp>
</condition>

<Node id="27" bw="0" op_0_bw="0" op_1_bw="4">
<![CDATA[
entry:9 %specbitsmap_ln0 = specbitsmap void @_ssdm_op_SpecBitsMap, i4 %m_axis_V_keep_V

]]></Node>
<StgValue><ssdm name="specbitsmap_ln0"/></StgValue>
</operation>

<operation id="52" st_id="5" stage="1" lat="1">
<core>NULL</core>
<MemPortIdVec></MemPortIdVec>
<condition id="-1">
<or_exp><and_exp></and_exp></or_exp>
</condition>

<Node id="28" bw="0" op_0_bw="0" op_1_bw="4">
<![CDATA[
entry:10 %specbitsmap_ln0 = specbitsmap void @_ssdm_op_SpecBitsMap, i4 %m_axis_V_strb_V

]]></Node>
<StgValue><ssdm name="specbitsmap_ln0"/></StgValue>
</operation>

<operation id="53" st_id="5" stage="1" lat="1">
<core>NULL</core>
<MemPortIdVec></MemPortIdVec>
<condition id="-1">
<or_exp><and_exp></and_exp></or_exp>
</condition>

<Node id="29" bw="0" op_0_bw="0" op_1_bw="1">
<![CDATA[
entry:11 %specbitsmap_ln0 = specbitsmap void @_ssdm_op_SpecBitsMap, i1 %m_axis_V_last_V

]]></Node>
<StgValue><ssdm name="specbitsmap_ln0"/></StgValue>
</operation>

<operation id="54" st_id="5" stage="1" lat="2">
<core>axis</core>
<MemPortIdVec></MemPortIdVec>
<condition id="-1">
<or_exp><and_exp></and_exp></or_exp>
</condition>

<Node id="61" bw="0" op_0_bw="0" op_1_bw="32" op_2_bw="4" op_3_bw="4" op_4_bw="1" op_5_bw="32" op_6_bw="4" op_7_bw="4" op_8_bw="1">
<![CDATA[
entry:43 %write_ln47 = write void @_ssdm_op_Write.axis.volatile.i32P0A.i4P0A.i4P0A.i1P0A, i32 %m_axis_V_data_V, i4 %m_axis_V_keep_V, i4 %m_axis_V_strb_V, i1 %m_axis_V_last_V, i32 %acc, i4 15, i4 0, i1 %in_pkt_last_V

]]></Node>
<StgValue><ssdm name="write_ln47"/></StgValue>
</operation>

<operation id="55" st_id="5" stage="1" lat="1">
<core>NULL</core>
<MemPortIdVec></MemPortIdVec>
<condition id="-1">
<or_exp><and_exp></and_exp></or_exp>
</condition>

<Node id="62" bw="0" op_0_bw="0" op_1_bw="32" op_2_bw="4" op_3_bw="4" op_4_bw="1" op_5_bw="1" op_6_bw="1" op_7_bw="1" op_8_bw="0">
<![CDATA[
entry:44 %specaxissidechannel_ln48 = specaxissidechannel void @_ssdm_op_SpecAXISSideChannel, i32 %m_axis_V_data_V, i4 %m_axis_V_keep_V, i4 %m_axis_V_strb_V, i1 0, i1 %m_axis_V_last_V, i1 0, i1 0, void @empty_2

]]></Node>
<StgValue><ssdm name="specaxissidechannel_ln48"/></StgValue>
</operation>

<operation id="56" st_id="5" stage="1" lat="1">
<core>NULL</core>
<MemPortIdVec></MemPortIdVec>
<condition id="-1">
<or_exp><and_exp></and_exp></or_exp>
</condition>

<Node id="63" bw="0" op_0_bw="0" op_1_bw="32" op_2_bw="4" op_3_bw="4" op_4_bw="1" op_5_bw="1" op_6_bw="1" op_7_bw="1" op_8_bw="0">
<![CDATA[
entry:45 %specaxissidechannel_ln48 = specaxissidechannel void @_ssdm_op_SpecAXISSideChannel, i32 %s_axis_V_data_V, i4 %s_axis_V_keep_V, i4 %s_axis_V_strb_V, i1 0, i1 %s_axis_V_last_V, i1 0, i1 0, void @empty_3

]]></Node>
<StgValue><ssdm name="specaxissidechannel_ln48"/></StgValue>
</operation>

<operation id="57" st_id="5" stage="1" lat="1">
<core>NULL</core>
<MemPortIdVec></MemPortIdVec>
<condition id="-1">
<or_exp><and_exp></and_exp></or_exp>
</condition>

<Node id="64" bw="0">
<![CDATA[
entry:46 %ret_ln48 = ret

]]></Node>
<StgValue><ssdm name="ret_ln48"/></StgValue>
</operation>
</state>
</state_list>


<ports>
<port id="62" name="s_axis_V_data_V" dir="0" iftype="0">
<core>NULL</core><StgValue><ssdm name="s_axis_V_data_V"/></StgValue>
</port>
<port id="63" name="s_axis_V_keep_V" dir="0" iftype="0">
<core>NULL</core><StgValue><ssdm name="s_axis_V_keep_V"/></StgValue>
</port>
<port id="64" name="s_axis_V_strb_V" dir="0" iftype="0">
<core>NULL</core><StgValue><ssdm name="s_axis_V_strb_V"/></StgValue>
</port>
<port id="65" name="s_axis_V_last_V" dir="0" iftype="0">
<core>NULL</core><StgValue><ssdm name="s_axis_V_last_V"/></StgValue>
</port>
<port id="66" name="m_axis_V_data_V" dir="1" iftype="0">
<core>NULL</core><StgValue><ssdm name="m_axis_V_data_V"/></StgValue>
</port>
<port id="67" name="m_axis_V_keep_V" dir="1" iftype="0">
<core>NULL</core><StgValue><ssdm name="m_axis_V_keep_V"/></StgValue>
</port>
<port id="68" name="m_axis_V_strb_V" dir="1" iftype="0">
<core>NULL</core><StgValue><ssdm name="m_axis_V_strb_V"/></StgValue>
</port>
<port id="69" name="m_axis_V_last_V" dir="1" iftype="0">
<core>NULL</core><StgValue><ssdm name="m_axis_V_last_V"/></StgValue>
</port>
<port id="70" name="FIR_ALL_NEW_stream_stream_axis_ap_uint_32_0ul_0ul_0ul_0_shift_reg" dir="2" iftype="0">
<core>NULL</core><StgValue><ssdm name="FIR_ALL_NEW_stream_stream_axis_ap_uint_32_0ul_0ul_0ul_0_shift_reg"/></StgValue>
</port>
<port id="71" name="FIR_ALL_NEW_stream_stream_axis_ap_uint_32_0ul_0ul_0ul_0_shift_reg_1" dir="2" iftype="0">
<core>NULL</core><StgValue><ssdm name="FIR_ALL_NEW_stream_stream_axis_ap_uint_32_0ul_0ul_0ul_0_shift_reg_1"/></StgValue>
</port>
<port id="72" name="FIR_ALL_NEW_stream_stream_axis_ap_uint_32_0ul_0ul_0ul_0_shift_reg_2" dir="2" iftype="0">
<core>NULL</core><StgValue><ssdm name="FIR_ALL_NEW_stream_stream_axis_ap_uint_32_0ul_0ul_0ul_0_shift_reg_2"/></StgValue>
</port>
<port id="73" name="FIR_ALL_NEW_stream_stream_axis_ap_uint_32_0ul_0ul_0ul_0_shift_reg_3" dir="2" iftype="0">
<core>NULL</core><StgValue><ssdm name="FIR_ALL_NEW_stream_stream_axis_ap_uint_32_0ul_0ul_0ul_0_shift_reg_3"/></StgValue>
</port>
<port id="74" name="FIR_ALL_NEW_stream_stream_axis_ap_uint_32_0ul_0ul_0ul_0_shift_reg_4" dir="2" iftype="0">
<core>NULL</core><StgValue><ssdm name="FIR_ALL_NEW_stream_stream_axis_ap_uint_32_0ul_0ul_0ul_0_shift_reg_4"/></StgValue>
</port>
<port id="75" name="FIR_ALL_NEW_stream_stream_axis_ap_uint_32_0ul_0ul_0ul_0_shift_reg_5" dir="2" iftype="0">
<core>NULL</core><StgValue><ssdm name="FIR_ALL_NEW_stream_stream_axis_ap_uint_32_0ul_0ul_0ul_0_shift_reg_5"/></StgValue>
</port>
<port id="76" name="FIR_ALL_NEW_stream_stream_axis_ap_uint_32_0ul_0ul_0ul_0_shift_reg_6" dir="2" iftype="0">
<core>NULL</core><StgValue><ssdm name="FIR_ALL_NEW_stream_stream_axis_ap_uint_32_0ul_0ul_0ul_0_shift_reg_6"/></StgValue>
</port>
<port id="77" name="FIR_ALL_NEW_stream_stream_axis_ap_uint_32_0ul_0ul_0ul_0_shift_reg_7" dir="2" iftype="0">
<core>NULL</core><StgValue><ssdm name="FIR_ALL_NEW_stream_stream_axis_ap_uint_32_0ul_0ul_0ul_0_shift_reg_7"/></StgValue>
</port>
<port id="78" name="FIR_ALL_NEW_stream_stream_axis_ap_uint_32_0ul_0ul_0ul_0_shift_reg_8" dir="2" iftype="0">
<core>NULL</core><StgValue><ssdm name="FIR_ALL_NEW_stream_stream_axis_ap_uint_32_0ul_0ul_0ul_0_shift_reg_8"/></StgValue>
</port>
</ports>


<dataflows>
<dataflow id="80" from="_ssdm_op_Read.axis.volatile.i32P0A.i4P0A.i4P0A.i1P0A" to="empty" fromId="79" toId="6">
</dataflow>
<dataflow id="81" from="s_axis_V_data_V" to="empty" fromId="62" toId="6">
</dataflow>
<dataflow id="82" from="s_axis_V_keep_V" to="empty" fromId="63" toId="6">
</dataflow>
<dataflow id="83" from="s_axis_V_strb_V" to="empty" fromId="64" toId="6">
</dataflow>
<dataflow id="84" from="s_axis_V_last_V" to="empty" fromId="65" toId="6">
</dataflow>
<dataflow id="85" from="empty" to="in_pkt_data_V" fromId="6" toId="7">
</dataflow>
<dataflow id="86" from="empty" to="in_pkt_last_V" fromId="6" toId="8">
</dataflow>
<dataflow id="87" from="FIR_ALL_NEW_stream_stream_axis_ap_uint_32_0ul_0ul_0ul_0_shift_reg" to="FIR_ALL_NEW_stream_stream_axis_ap_uint_32_0ul_0ul_0ul_0_shift_reg_load" fromId="70" toId="9">
</dataflow>
<dataflow id="88" from="FIR_ALL_NEW_stream_stream_axis_ap_uint_32_0ul_0ul_0ul_0_shift_reg_1" to="FIR_ALL_NEW_stream_stream_axis_ap_uint_32_0ul_0ul_0ul_0_shift_reg_1_load" fromId="71" toId="10">
</dataflow>
<dataflow id="89" from="FIR_ALL_NEW_stream_stream_axis_ap_uint_32_0ul_0ul_0ul_0_shift_reg_2" to="FIR_ALL_NEW_stream_stream_axis_ap_uint_32_0ul_0ul_0ul_0_shift_reg_2_load" fromId="72" toId="11">
</dataflow>
<dataflow id="90" from="FIR_ALL_NEW_stream_stream_axis_ap_uint_32_0ul_0ul_0ul_0_shift_reg_3" to="FIR_ALL_NEW_stream_stream_axis_ap_uint_32_0ul_0ul_0ul_0_shift_reg_3_load" fromId="73" toId="12">
</dataflow>
<dataflow id="91" from="FIR_ALL_NEW_stream_stream_axis_ap_uint_32_0ul_0ul_0ul_0_shift_reg_4" to="FIR_ALL_NEW_stream_stream_axis_ap_uint_32_0ul_0ul_0ul_0_shift_reg_4_load" fromId="74" toId="13">
</dataflow>
<dataflow id="92" from="FIR_ALL_NEW_stream_stream_axis_ap_uint_32_0ul_0ul_0ul_0_shift_reg_5" to="FIR_ALL_NEW_stream_stream_axis_ap_uint_32_0ul_0ul_0ul_0_shift_reg_5_load" fromId="75" toId="14">
</dataflow>
<dataflow id="93" from="FIR_ALL_NEW_stream_stream_axis_ap_uint_32_0ul_0ul_0ul_0_shift_reg_6" to="FIR_ALL_NEW_stream_stream_axis_ap_uint_32_0ul_0ul_0ul_0_shift_reg_6_load" fromId="76" toId="15">
</dataflow>
<dataflow id="94" from="FIR_ALL_NEW_stream_stream_axis_ap_uint_32_0ul_0ul_0ul_0_shift_reg_7" to="FIR_ALL_NEW_stream_stream_axis_ap_uint_32_0ul_0ul_0ul_0_shift_reg_7_load" fromId="77" toId="16">
</dataflow>
<dataflow id="95" from="FIR_ALL_NEW_stream_stream_axis_ap_uint_32_0ul_0ul_0ul_0_shift_reg_8" to="FIR_ALL_NEW_stream_stream_axis_ap_uint_32_0ul_0ul_0ul_0_shift_reg_8_load" fromId="78" toId="17">
</dataflow>
<dataflow id="96" from="FIR_ALL_NEW_stream_stream_axis_ap_uint_32_0ul_0ul_0ul_0_shift_reg_1_load" to="store_ln34" fromId="10" toId="18">
</dataflow>
<dataflow id="97" from="FIR_ALL_NEW_stream_stream_axis_ap_uint_32_0ul_0ul_0ul_0_shift_reg" to="store_ln34" fromId="70" toId="18">
</dataflow>
<dataflow id="98" from="FIR_ALL_NEW_stream_stream_axis_ap_uint_32_0ul_0ul_0ul_0_shift_reg_2_load" to="store_ln34" fromId="11" toId="19">
</dataflow>
<dataflow id="99" from="FIR_ALL_NEW_stream_stream_axis_ap_uint_32_0ul_0ul_0ul_0_shift_reg_1" to="store_ln34" fromId="71" toId="19">
</dataflow>
<dataflow id="100" from="FIR_ALL_NEW_stream_stream_axis_ap_uint_32_0ul_0ul_0ul_0_shift_reg_3_load" to="store_ln34" fromId="12" toId="20">
</dataflow>
<dataflow id="101" from="FIR_ALL_NEW_stream_stream_axis_ap_uint_32_0ul_0ul_0ul_0_shift_reg_2" to="store_ln34" fromId="72" toId="20">
</dataflow>
<dataflow id="102" from="FIR_ALL_NEW_stream_stream_axis_ap_uint_32_0ul_0ul_0ul_0_shift_reg_4_load" to="store_ln34" fromId="13" toId="21">
</dataflow>
<dataflow id="103" from="FIR_ALL_NEW_stream_stream_axis_ap_uint_32_0ul_0ul_0ul_0_shift_reg_3" to="store_ln34" fromId="73" toId="21">
</dataflow>
<dataflow id="104" from="FIR_ALL_NEW_stream_stream_axis_ap_uint_32_0ul_0ul_0ul_0_shift_reg_5_load" to="store_ln34" fromId="14" toId="22">
</dataflow>
<dataflow id="105" from="FIR_ALL_NEW_stream_stream_axis_ap_uint_32_0ul_0ul_0ul_0_shift_reg_4" to="store_ln34" fromId="74" toId="22">
</dataflow>
<dataflow id="106" from="FIR_ALL_NEW_stream_stream_axis_ap_uint_32_0ul_0ul_0ul_0_shift_reg_6_load" to="store_ln34" fromId="15" toId="23">
</dataflow>
<dataflow id="107" from="FIR_ALL_NEW_stream_stream_axis_ap_uint_32_0ul_0ul_0ul_0_shift_reg_5" to="store_ln34" fromId="75" toId="23">
</dataflow>
<dataflow id="108" from="FIR_ALL_NEW_stream_stream_axis_ap_uint_32_0ul_0ul_0ul_0_shift_reg_7_load" to="store_ln34" fromId="16" toId="24">
</dataflow>
<dataflow id="109" from="FIR_ALL_NEW_stream_stream_axis_ap_uint_32_0ul_0ul_0ul_0_shift_reg_6" to="store_ln34" fromId="76" toId="24">
</dataflow>
<dataflow id="110" from="FIR_ALL_NEW_stream_stream_axis_ap_uint_32_0ul_0ul_0ul_0_shift_reg_8_load" to="store_ln34" fromId="17" toId="25">
</dataflow>
<dataflow id="111" from="FIR_ALL_NEW_stream_stream_axis_ap_uint_32_0ul_0ul_0ul_0_shift_reg_7" to="store_ln34" fromId="77" toId="25">
</dataflow>
<dataflow id="112" from="in_pkt_data_V" to="store_ln31" fromId="7" toId="26">
</dataflow>
<dataflow id="113" from="FIR_ALL_NEW_stream_stream_axis_ap_uint_32_0ul_0ul_0ul_0_shift_reg_8" to="store_ln31" fromId="78" toId="26">
</dataflow>
<dataflow id="114" from="FIR_ALL_NEW_stream_stream_axis_ap_uint_32_0ul_0ul_0ul_0_shift_reg_6_load" to="tmp" fromId="15" toId="27">
</dataflow>
<dataflow id="115" from="FIR_ALL_NEW_stream_stream_axis_ap_uint_32_0ul_0ul_0ul_0_shift_reg_4_load" to="tmp" fromId="13" toId="27">
</dataflow>
<dataflow id="116" from="FIR_ALL_NEW_stream_stream_axis_ap_uint_32_0ul_0ul_0ul_0_shift_reg_7_load" to="tmp2" fromId="16" toId="28">
</dataflow>
<dataflow id="117" from="FIR_ALL_NEW_stream_stream_axis_ap_uint_32_0ul_0ul_0ul_0_shift_reg_2_load" to="tmp2" fromId="11" toId="28">
</dataflow>
<dataflow id="118" from="FIR_ALL_NEW_stream_stream_axis_ap_uint_32_0ul_0ul_0ul_0_shift_reg_load" to="tmp4" fromId="9" toId="29">
</dataflow>
<dataflow id="119" from="in_pkt_data_V" to="tmp4" fromId="7" toId="29">
</dataflow>
<dataflow id="120" from="FIR_ALL_NEW_stream_stream_axis_ap_uint_32_0ul_0ul_0ul_0_shift_reg_5_load" to="mul_ln35" fromId="14" toId="30">
</dataflow>
<dataflow id="122" from="StgValue_121" to="mul_ln35" fromId="121" toId="30">
</dataflow>
<dataflow id="123" from="tmp" to="tmp1" fromId="27" toId="31">
</dataflow>
<dataflow id="125" from="StgValue_124" to="tmp1" fromId="124" toId="31">
</dataflow>
<dataflow id="126" from="tmp2" to="tmp3" fromId="28" toId="32">
</dataflow>
<dataflow id="128" from="StgValue_127" to="tmp3" fromId="127" toId="32">
</dataflow>
<dataflow id="129" from="tmp4" to="tmp5" fromId="29" toId="33">
</dataflow>
<dataflow id="131" from="StgValue_130" to="tmp5" fromId="130" toId="33">
</dataflow>
<dataflow id="132" from="FIR_ALL_NEW_stream_stream_axis_ap_uint_32_0ul_0ul_0ul_0_shift_reg_5_load" to="mul_ln35" fromId="14" toId="34">
</dataflow>
<dataflow id="133" from="StgValue_121" to="mul_ln35" fromId="121" toId="34">
</dataflow>
<dataflow id="134" from="tmp" to="tmp1" fromId="27" toId="35">
</dataflow>
<dataflow id="135" from="StgValue_124" to="tmp1" fromId="124" toId="35">
</dataflow>
<dataflow id="136" from="tmp2" to="tmp3" fromId="28" toId="36">
</dataflow>
<dataflow id="137" from="StgValue_127" to="tmp3" fromId="127" toId="36">
</dataflow>
<dataflow id="138" from="tmp4" to="tmp5" fromId="29" toId="37">
</dataflow>
<dataflow id="139" from="StgValue_130" to="tmp5" fromId="130" toId="37">
</dataflow>
<dataflow id="140" from="mul_ln35" to="add_ln32" fromId="34" toId="38">
</dataflow>
<dataflow id="141" from="tmp5" to="add_ln32" fromId="37" toId="38">
</dataflow>
<dataflow id="142" from="tmp1" to="add_ln32_1" fromId="35" toId="39">
</dataflow>
<dataflow id="143" from="tmp3" to="add_ln32_1" fromId="36" toId="39">
</dataflow>
<dataflow id="144" from="add_ln32_1" to="acc" fromId="39" toId="40">
</dataflow>
<dataflow id="145" from="add_ln32" to="acc" fromId="38" toId="40">
</dataflow>
<dataflow id="147" from="_ssdm_op_Write.axis.volatile.i32P0A.i4P0A.i4P0A.i1P0A" to="write_ln47" fromId="146" toId="41">
</dataflow>
<dataflow id="148" from="m_axis_V_data_V" to="write_ln47" fromId="66" toId="41">
</dataflow>
<dataflow id="149" from="m_axis_V_keep_V" to="write_ln47" fromId="67" toId="41">
</dataflow>
<dataflow id="150" from="m_axis_V_strb_V" to="write_ln47" fromId="68" toId="41">
</dataflow>
<dataflow id="151" from="m_axis_V_last_V" to="write_ln47" fromId="69" toId="41">
</dataflow>
<dataflow id="152" from="acc" to="write_ln47" fromId="40" toId="41">
</dataflow>
<dataflow id="154" from="StgValue_153" to="write_ln47" fromId="153" toId="41">
</dataflow>
<dataflow id="156" from="StgValue_155" to="write_ln47" fromId="155" toId="41">
</dataflow>
<dataflow id="157" from="in_pkt_last_V" to="write_ln47" fromId="8" toId="41">
</dataflow>
<dataflow id="159" from="_ssdm_op_SpecTopModule" to="spectopmodule_ln8" fromId="158" toId="42">
</dataflow>
<dataflow id="161" from="empty_4" to="spectopmodule_ln8" fromId="160" toId="42">
</dataflow>
<dataflow id="163" from="_ssdm_op_SpecInterface" to="specinterface_ln8" fromId="162" toId="43">
</dataflow>
<dataflow id="165" from="StgValue_164" to="specinterface_ln8" fromId="164" toId="43">
</dataflow>
<dataflow id="167" from="empty_5" to="specinterface_ln8" fromId="166" toId="43">
</dataflow>
<dataflow id="168" from="StgValue_164" to="specinterface_ln8" fromId="164" toId="43">
</dataflow>
<dataflow id="169" from="StgValue_164" to="specinterface_ln8" fromId="164" toId="43">
</dataflow>
<dataflow id="171" from="empty_1" to="specinterface_ln8" fromId="170" toId="43">
</dataflow>
<dataflow id="172" from="StgValue_164" to="specinterface_ln8" fromId="164" toId="43">
</dataflow>
<dataflow id="173" from="StgValue_164" to="specinterface_ln8" fromId="164" toId="43">
</dataflow>
<dataflow id="174" from="empty_1" to="specinterface_ln8" fromId="170" toId="43">
</dataflow>
<dataflow id="175" from="empty_1" to="specinterface_ln8" fromId="170" toId="43">
</dataflow>
<dataflow id="176" from="empty_1" to="specinterface_ln8" fromId="170" toId="43">
</dataflow>
<dataflow id="177" from="StgValue_164" to="specinterface_ln8" fromId="164" toId="43">
</dataflow>
<dataflow id="178" from="StgValue_164" to="specinterface_ln8" fromId="164" toId="43">
</dataflow>
<dataflow id="179" from="StgValue_164" to="specinterface_ln8" fromId="164" toId="43">
</dataflow>
<dataflow id="180" from="StgValue_164" to="specinterface_ln8" fromId="164" toId="43">
</dataflow>
<dataflow id="181" from="empty_1" to="specinterface_ln8" fromId="170" toId="43">
</dataflow>
<dataflow id="182" from="empty_1" to="specinterface_ln8" fromId="170" toId="43">
</dataflow>
<dataflow id="184" from="StgValue_183" to="specinterface_ln8" fromId="183" toId="43">
</dataflow>
<dataflow id="185" from="StgValue_164" to="specinterface_ln8" fromId="164" toId="43">
</dataflow>
<dataflow id="186" from="_ssdm_op_SpecInterface" to="specinterface_ln0" fromId="162" toId="44">
</dataflow>
<dataflow id="187" from="s_axis_V_data_V" to="specinterface_ln0" fromId="62" toId="44">
</dataflow>
<dataflow id="188" from="s_axis_V_keep_V" to="specinterface_ln0" fromId="63" toId="44">
</dataflow>
<dataflow id="189" from="s_axis_V_strb_V" to="specinterface_ln0" fromId="64" toId="44">
</dataflow>
<dataflow id="190" from="s_axis_V_last_V" to="specinterface_ln0" fromId="65" toId="44">
</dataflow>
<dataflow id="192" from="empty" to="specinterface_ln0" fromId="191" toId="44">
</dataflow>
<dataflow id="194" from="StgValue_193" to="specinterface_ln0" fromId="193" toId="44">
</dataflow>
<dataflow id="195" from="StgValue_193" to="specinterface_ln0" fromId="193" toId="44">
</dataflow>
<dataflow id="197" from="empty_0" to="specinterface_ln0" fromId="196" toId="44">
</dataflow>
<dataflow id="198" from="StgValue_164" to="specinterface_ln0" fromId="164" toId="44">
</dataflow>
<dataflow id="199" from="StgValue_164" to="specinterface_ln0" fromId="164" toId="44">
</dataflow>
<dataflow id="200" from="empty_1" to="specinterface_ln0" fromId="170" toId="44">
</dataflow>
<dataflow id="201" from="empty_1" to="specinterface_ln0" fromId="170" toId="44">
</dataflow>
<dataflow id="202" from="empty_1" to="specinterface_ln0" fromId="170" toId="44">
</dataflow>
<dataflow id="203" from="StgValue_164" to="specinterface_ln0" fromId="164" toId="44">
</dataflow>
<dataflow id="204" from="StgValue_164" to="specinterface_ln0" fromId="164" toId="44">
</dataflow>
<dataflow id="205" from="StgValue_164" to="specinterface_ln0" fromId="164" toId="44">
</dataflow>
<dataflow id="206" from="StgValue_164" to="specinterface_ln0" fromId="164" toId="44">
</dataflow>
<dataflow id="207" from="empty_1" to="specinterface_ln0" fromId="170" toId="44">
</dataflow>
<dataflow id="208" from="empty_1" to="specinterface_ln0" fromId="170" toId="44">
</dataflow>
<dataflow id="209" from="StgValue_183" to="specinterface_ln0" fromId="183" toId="44">
</dataflow>
<dataflow id="210" from="StgValue_164" to="specinterface_ln0" fromId="164" toId="44">
</dataflow>
<dataflow id="212" from="_ssdm_op_SpecBitsMap" to="specbitsmap_ln0" fromId="211" toId="45">
</dataflow>
<dataflow id="213" from="s_axis_V_data_V" to="specbitsmap_ln0" fromId="62" toId="45">
</dataflow>
<dataflow id="214" from="_ssdm_op_SpecBitsMap" to="specbitsmap_ln0" fromId="211" toId="46">
</dataflow>
<dataflow id="215" from="s_axis_V_keep_V" to="specbitsmap_ln0" fromId="63" toId="46">
</dataflow>
<dataflow id="216" from="_ssdm_op_SpecBitsMap" to="specbitsmap_ln0" fromId="211" toId="47">
</dataflow>
<dataflow id="217" from="s_axis_V_strb_V" to="specbitsmap_ln0" fromId="64" toId="47">
</dataflow>
<dataflow id="218" from="_ssdm_op_SpecBitsMap" to="specbitsmap_ln0" fromId="211" toId="48">
</dataflow>
<dataflow id="219" from="s_axis_V_last_V" to="specbitsmap_ln0" fromId="65" toId="48">
</dataflow>
<dataflow id="220" from="_ssdm_op_SpecInterface" to="specinterface_ln0" fromId="162" toId="49">
</dataflow>
<dataflow id="221" from="m_axis_V_data_V" to="specinterface_ln0" fromId="66" toId="49">
</dataflow>
<dataflow id="222" from="m_axis_V_keep_V" to="specinterface_ln0" fromId="67" toId="49">
</dataflow>
<dataflow id="223" from="m_axis_V_strb_V" to="specinterface_ln0" fromId="68" toId="49">
</dataflow>
<dataflow id="224" from="m_axis_V_last_V" to="specinterface_ln0" fromId="69" toId="49">
</dataflow>
<dataflow id="225" from="empty" to="specinterface_ln0" fromId="191" toId="49">
</dataflow>
<dataflow id="226" from="StgValue_193" to="specinterface_ln0" fromId="193" toId="49">
</dataflow>
<dataflow id="227" from="StgValue_193" to="specinterface_ln0" fromId="193" toId="49">
</dataflow>
<dataflow id="228" from="empty_0" to="specinterface_ln0" fromId="196" toId="49">
</dataflow>
<dataflow id="229" from="StgValue_164" to="specinterface_ln0" fromId="164" toId="49">
</dataflow>
<dataflow id="230" from="StgValue_164" to="specinterface_ln0" fromId="164" toId="49">
</dataflow>
<dataflow id="231" from="empty_1" to="specinterface_ln0" fromId="170" toId="49">
</dataflow>
<dataflow id="232" from="empty_1" to="specinterface_ln0" fromId="170" toId="49">
</dataflow>
<dataflow id="233" from="empty_1" to="specinterface_ln0" fromId="170" toId="49">
</dataflow>
<dataflow id="234" from="StgValue_164" to="specinterface_ln0" fromId="164" toId="49">
</dataflow>
<dataflow id="235" from="StgValue_164" to="specinterface_ln0" fromId="164" toId="49">
</dataflow>
<dataflow id="236" from="StgValue_164" to="specinterface_ln0" fromId="164" toId="49">
</dataflow>
<dataflow id="237" from="StgValue_164" to="specinterface_ln0" fromId="164" toId="49">
</dataflow>
<dataflow id="238" from="empty_1" to="specinterface_ln0" fromId="170" toId="49">
</dataflow>
<dataflow id="239" from="empty_1" to="specinterface_ln0" fromId="170" toId="49">
</dataflow>
<dataflow id="240" from="StgValue_183" to="specinterface_ln0" fromId="183" toId="49">
</dataflow>
<dataflow id="241" from="StgValue_164" to="specinterface_ln0" fromId="164" toId="49">
</dataflow>
<dataflow id="242" from="_ssdm_op_SpecBitsMap" to="specbitsmap_ln0" fromId="211" toId="50">
</dataflow>
<dataflow id="243" from="m_axis_V_data_V" to="specbitsmap_ln0" fromId="66" toId="50">
</dataflow>
<dataflow id="244" from="_ssdm_op_SpecBitsMap" to="specbitsmap_ln0" fromId="211" toId="51">
</dataflow>
<dataflow id="245" from="m_axis_V_keep_V" to="specbitsmap_ln0" fromId="67" toId="51">
</dataflow>
<dataflow id="246" from="_ssdm_op_SpecBitsMap" to="specbitsmap_ln0" fromId="211" toId="52">
</dataflow>
<dataflow id="247" from="m_axis_V_strb_V" to="specbitsmap_ln0" fromId="68" toId="52">
</dataflow>
<dataflow id="248" from="_ssdm_op_SpecBitsMap" to="specbitsmap_ln0" fromId="211" toId="53">
</dataflow>
<dataflow id="249" from="m_axis_V_last_V" to="specbitsmap_ln0" fromId="69" toId="53">
</dataflow>
<dataflow id="250" from="_ssdm_op_Write.axis.volatile.i32P0A.i4P0A.i4P0A.i1P0A" to="write_ln47" fromId="146" toId="54">
</dataflow>
<dataflow id="251" from="m_axis_V_data_V" to="write_ln47" fromId="66" toId="54">
</dataflow>
<dataflow id="252" from="m_axis_V_keep_V" to="write_ln47" fromId="67" toId="54">
</dataflow>
<dataflow id="253" from="m_axis_V_strb_V" to="write_ln47" fromId="68" toId="54">
</dataflow>
<dataflow id="254" from="m_axis_V_last_V" to="write_ln47" fromId="69" toId="54">
</dataflow>
<dataflow id="255" from="acc" to="write_ln47" fromId="40" toId="54">
</dataflow>
<dataflow id="256" from="StgValue_153" to="write_ln47" fromId="153" toId="54">
</dataflow>
<dataflow id="257" from="StgValue_155" to="write_ln47" fromId="155" toId="54">
</dataflow>
<dataflow id="258" from="in_pkt_last_V" to="write_ln47" fromId="8" toId="54">
</dataflow>
<dataflow id="260" from="_ssdm_op_SpecAXISSideChannel" to="specaxissidechannel_ln48" fromId="259" toId="55">
</dataflow>
<dataflow id="261" from="m_axis_V_data_V" to="specaxissidechannel_ln48" fromId="66" toId="55">
</dataflow>
<dataflow id="262" from="m_axis_V_keep_V" to="specaxissidechannel_ln48" fromId="67" toId="55">
</dataflow>
<dataflow id="263" from="m_axis_V_strb_V" to="specaxissidechannel_ln48" fromId="68" toId="55">
</dataflow>
<dataflow id="265" from="StgValue_264" to="specaxissidechannel_ln48" fromId="264" toId="55">
</dataflow>
<dataflow id="266" from="m_axis_V_last_V" to="specaxissidechannel_ln48" fromId="69" toId="55">
</dataflow>
<dataflow id="267" from="StgValue_264" to="specaxissidechannel_ln48" fromId="264" toId="55">
</dataflow>
<dataflow id="268" from="StgValue_264" to="specaxissidechannel_ln48" fromId="264" toId="55">
</dataflow>
<dataflow id="270" from="empty_2" to="specaxissidechannel_ln48" fromId="269" toId="55">
</dataflow>
<dataflow id="271" from="_ssdm_op_SpecAXISSideChannel" to="specaxissidechannel_ln48" fromId="259" toId="56">
</dataflow>
<dataflow id="272" from="s_axis_V_data_V" to="specaxissidechannel_ln48" fromId="62" toId="56">
</dataflow>
<dataflow id="273" from="s_axis_V_keep_V" to="specaxissidechannel_ln48" fromId="63" toId="56">
</dataflow>
<dataflow id="274" from="s_axis_V_strb_V" to="specaxissidechannel_ln48" fromId="64" toId="56">
</dataflow>
<dataflow id="275" from="StgValue_264" to="specaxissidechannel_ln48" fromId="264" toId="56">
</dataflow>
<dataflow id="276" from="s_axis_V_last_V" to="specaxissidechannel_ln48" fromId="65" toId="56">
</dataflow>
<dataflow id="277" from="StgValue_264" to="specaxissidechannel_ln48" fromId="264" toId="56">
</dataflow>
<dataflow id="278" from="StgValue_264" to="specaxissidechannel_ln48" fromId="264" toId="56">
</dataflow>
<dataflow id="280" from="empty_3" to="specaxissidechannel_ln48" fromId="279" toId="56">
</dataflow>
</dataflows>


</stg>
