<stg><name>FIR_ALL_NEW</name>


<trans_list>

<trans id="58" from="1" to="2">
<condition id="-1">
<or_exp><and_exp></and_exp></or_exp>
</condition>
</trans>

<trans id="59" from="2" to="3">
<condition id="-1">
<or_exp><and_exp></and_exp></or_exp>
</condition>
</trans>

<trans id="60" from="3" to="4">
<condition id="-1">
<or_exp><and_exp></and_exp></or_exp>
</condition>
</trans>

<trans id="61" from="4" to="5">
<condition id="-1">
<or_exp><and_exp></and_exp></or_exp>
</condition>
</trans>
</trans_list>



<state_list>

<state id="1" st_id="1">

<operation id="6" st_id="1" stage="1" lat="1">
<core>axis</core>
<MemPortIdVec></MemPortIdVec>
<condition id="-1">
<or_exp><and_exp></and_exp></or_exp>
</condition>

<Node id="30" bw="41" op_0_bw="41" op_1_bw="32" op_2_bw="4" op_3_bw="4" op_4_bw="1">
<![CDATA[
entry:12 %empty = read i41 @_ssdm_op_Read.axis.volatile.i32P0A.i4P0A.i4P0A.i1P0A, i32 %s_axis_V_data_V, i4 %s_axis_V_keep_V, i4 %s_axis_V_strb_V, i1 %s_axis_V_last_V

]]></Node>
<StgValue><ssdm name="empty"/></StgValue>
</operation>

<operation id="7" st_id="1" stage="1" lat="1">
<core>NULL</core>
<MemPortIdVec></MemPortIdVec>
<condition id="-1">
<or_exp><and_exp></and_exp></or_exp>
</condition>

<Node id="31" bw="32" op_0_bw="41">
<![CDATA[
entry:13 %in_pkt_data_V = extractvalue i41 %empty

]]></Node>
<StgValue><ssdm name="in_pkt_data_V"/></StgValue>
</operation>

<operation id="8" st_id="1" stage="1" lat="1">
<core>NULL</core>
<MemPortIdVec></MemPortIdVec>
<condition id="-1">
<or_exp><and_exp></and_exp></or_exp>
</condition>

<Node id="32" bw="1" op_0_bw="41">
<![CDATA[
entry:14 %in_pkt_last_V = extractvalue i41 %empty

]]></Node>
<StgValue><ssdm name="in_pkt_last_V"/></StgValue>
</operation>

<operation id="9" st_id="1" stage="1" lat="1">
<core>NULL</core>
<MemPortIdVec></MemPortIdVec>
<condition id="-1">
<or_exp><and_exp></and_exp></or_exp>
</condition>

<Node id="33" bw="32" op_0_bw="32">
<![CDATA[
entry:15 %FIR_ALL_NEW_stream_stream_axis_ap_uint_32_0ul_0ul_0ul_0_shift_reg_load = load i32 %FIR_ALL_NEW_stream_stream_axis_ap_uint_32_0ul_0ul_0ul_0_shift_reg

]]></Node>
<StgValue><ssdm name="FIR_ALL_NEW_stream_stream_axis_ap_uint_32_0ul_0ul_0ul_0_shift_reg_load"/></StgValue>
</operation>

<operation id="10" st_id="1" stage="1" lat="1">
<core>NULL</core>
<MemPortIdVec></MemPortIdVec>
<condition id="-1">
<or_exp><and_exp></and_exp></or_exp>
</condition>

<Node id="34" bw="32" op_0_bw="32">
<![CDATA[
entry:16 %FIR_ALL_NEW_stream_stream_axis_ap_uint_32_0ul_0ul_0ul_0_shift_reg_1_load = load i32 %FIR_ALL_NEW_stream_stream_axis_ap_uint_32_0ul_0ul_0ul_0_shift_reg_1

]]></Node>
<StgValue><ssdm name="FIR_ALL_NEW_stream_stream_axis_ap_uint_32_0ul_0ul_0ul_0_shift_reg_1_load"/></StgValue>
</operation>

<operation id="11" st_id="1" stage="1" lat="1">
<core>NULL</core>
<MemPortIdVec></MemPortIdVec>
<condition id="-1">
<or_exp><and_exp></and_exp></or_exp>
</condition>

<Node id="35" bw="32" op_0_bw="32">
<![CDATA[
entry:17 %FIR_ALL_NEW_stream_stream_axis_ap_uint_32_0ul_0ul_0ul_0_shift_reg_2_load = load i32 %FIR_ALL_NEW_stream_stream_axis_ap_uint_32_0ul_0ul_0ul_0_shift_reg_2

]]></Node>
<StgValue><ssdm name="FIR_ALL_NEW_stream_stream_axis_ap_uint_32_0ul_0ul_0ul_0_shift_reg_2_load"/></StgValue>
</operation>

<operation id="12" st_id="1" stage="1" lat="1">
<core>NULL</core>
<MemPortIdVec></MemPortIdVec>
<condition id="-1">
<or_exp><and_exp></and_exp></or_exp>
</condition>

<Node id="36" bw="32" op_0_bw="32">
<![CDATA[
entry:18 %FIR_ALL_NEW_stream_stream_axis_ap_uint_32_0ul_0ul_0ul_0_shift_reg_3_load = load i32 %FIR_ALL_NEW_stream_stream_axis_ap_uint_32_0ul_0ul_0ul_0_shift_reg_3

]]></Node>
<StgValue><ssdm name="FIR_ALL_NEW_stream_stream_axis_ap_uint_32_0ul_0ul_0ul_0_shift_reg_3_load"/></StgValue>
</operation>

<operation id="13" st_id="1" stage="1" lat="1">
<core>NULL</core>
<MemPortIdVec></MemPortIdVec>
<condition id="-1">
<or_exp><and_exp></and_exp></or_exp>
</condition>

<Node id="37" bw="32" op_0_bw="32">
<![CDATA[
entry:19 %FIR_ALL_NEW_stream_stream_axis_ap_uint_32_0ul_0ul_0ul_0_shift_reg_4_load = load i32 %FIR_ALL_NEW_stream_stream_axis_ap_uint_32_0ul_0ul_0ul_0_shift_reg_4

]]></Node>
<StgValue><ssdm name="FIR_ALL_NEW_stream_stream_axis_ap_uint_32_0ul_0ul_0ul_0_shift_reg_4_load"/></StgValue>
</operation>

<operation id="14" st_id="1" stage="1" lat="1">
<core>NULL</core>
<MemPortIdVec></MemPortIdVec>
<condition id="-1">
<or_exp><and_exp></and_exp></or_exp>
</condition>

<Node id="38" bw="32" op_0_bw="32">
<![CDATA[
entry:20 %FIR_ALL_NEW_stream_stream_axis_ap_uint_32_0ul_0ul_0ul_0_shift_reg_5_load = load i32 %FIR_ALL_NEW_stream_stream_axis_ap_uint_32_0ul_0ul_0ul_0_shift_reg_5

]]></Node>
<StgValue><ssdm name="FIR_ALL_NEW_stream_stream_axis_ap_uint_32_0ul_0ul_0ul_0_shift_reg_5_load"/></StgValue>
</operation>

<operation id="15" st_id="1" stage="1" lat="1">
<core>NULL</core>
<MemPortIdVec></MemPortIdVec>
<condition id="-1">
<or_exp><and_exp></and_exp></or_exp>
</condition>

<Node id="40" bw="32" op_0_bw="32">
<![CDATA[
entry:22 %FIR_ALL_NEW_stream_stream_axis_ap_uint_32_0ul_0ul_0ul_0_shift_reg_6_load = load i32 %FIR_ALL_NEW_stream_stream_axis_ap_uint_32_0ul_0ul_0ul_0_shift_reg_6

]]></Node>
<StgValue><ssdm name="FIR_ALL_NEW_stream_stream_axis_ap_uint_32_0ul_0ul_0ul_0_shift_reg_6_load"/></StgValue>
</operation>

<operation id="16" st_id="1" stage="1" lat="1">
<core>NULL</core>
<MemPortIdVec></MemPortIdVec>
<condition id="-1">
<or_exp><and_exp></and_exp></or_exp>
</condition>

<Node id="41" bw="32" op_0_bw="32">
<![CDATA[
entry:23 %FIR_ALL_NEW_stream_stream_axis_ap_uint_32_0ul_0ul_0ul_0_shift_reg_7_load = load i32 %FIR_ALL_NEW_stream_stream_axis_ap_uint_32_0ul_0ul_0ul_0_shift_reg_7

]]></Node>
<StgValue><ssdm name="FIR_ALL_NEW_stream_stream_axis_ap_uint_32_0ul_0ul_0ul_0_shift_reg_7_load"/></StgValue>
</operation>

<operation id="17" st_id="1" stage="1" lat="1">
<core>NULL</core>
<MemPortIdVec></MemPortIdVec>
<condition id="-1">
<or_exp><and_exp></and_exp></or_exp>
</condition>

<Node id="42" bw="32" op_0_bw="32">
<![CDATA[
entry:24 %FIR_ALL_NEW_stream_stream_axis_ap_uint_32_0ul_0ul_0ul_0_shift_reg_8_load = load i32 %FIR_ALL_NEW_stream_stream_axis_ap_uint_32_0ul_0ul_0ul_0_shift_reg_8

]]></Node>
<StgValue><ssdm name="FIR_ALL_NEW_stream_stream_axis_ap_uint_32_0ul_0ul_0ul_0_shift_reg_8_load"/></StgValue>
</operation>

<operation id="18" st_id="1" stage="1" lat="1">
<core>NULL</core>
<MemPortIdVec></MemPortIdVec>
<condition id="-1">
<or_exp><and_exp></and_exp></or_exp>
</condition>

<Node id="43" bw="0" op_0_bw="32" op_1_bw="32" op_2_bw="0">
<![CDATA[
entry:25 %store_ln34 = store i32 %FIR_ALL_NEW_stream_stream_axis_ap_uint_32_0ul_0ul_0ul_0_shift_reg_1_load, i32 %FIR_ALL_NEW_stream_stream_axis_ap_uint_32_0ul_0ul_0ul_0_shift_reg

]]></Node>
<StgValue><ssdm name="store_ln34"/></StgValue>
</operation>

<operation id="19" st_id="1" stage="1" lat="1">
<core>NULL</core>
<MemPortIdVec></MemPortIdVec>
<condition id="-1">
<or_exp><and_exp></and_exp></or_exp>
</condition>

<Node id="44" bw="0" op_0_bw="32" op_1_bw="32" op_2_bw="0">
<![CDATA[
entry:26 %store_ln34 = store i32 %FIR_ALL_NEW_stream_stream_axis_ap_uint_32_0ul_0ul_0ul_0_shift_reg_2_load, i32 %FIR_ALL_NEW_stream_stream_axis_ap_uint_32_0ul_0ul_0ul_0_shift_reg_1

]]></Node>
<StgValue><ssdm name="store_ln34"/></StgValue>
</operation>

<operation id="20" st_id="1" stage="1" lat="1">
<core>NULL</core>
<MemPortIdVec></MemPortIdVec>
<condition id="-1">
<or_exp><and_exp></and_exp></or_exp>
</condition>

<Node id="45" bw="0" op_0_bw="32" op_1_bw="32" op_2_bw="0">
<![CDATA[
entry:27 %store_ln34 = store i32 %FIR_ALL_NEW_stream_stream_axis_ap_uint_32_0ul_0ul_0ul_0_shift_reg_3_load, i32 %FIR_ALL_NEW_stream_stream_axis_ap_uint_32_0ul_0ul_0ul_0_shift_reg_2

]]></Node>
<StgValue><ssdm name="store_ln34"/></StgValue>
</operation>

<operation id="21" st_id="1" stage="1" lat="1">
<core>NULL</core>
<MemPortIdVec></MemPortIdVec>
<condition id="-1">
<or_exp><and_exp></and_exp></or_exp>
</condition>

<Node id="46" bw="0" op_0_bw="32" op_1_bw="32" op_2_bw="0">
<![CDATA[
entry:28 %store_ln34 = store i32 %FIR_ALL_NEW_stream_stream_axis_ap_uint_32_0ul_0ul_0ul_0_shift_reg_4_load, i32 %FIR_ALL_NEW_stream_stream_axis_ap_uint_32_0ul_0ul_0ul_0_shift_reg_3

]]></Node>
<StgValue><ssdm name="store_ln34"/></StgValue>
</operation>

<operation id="22" st_id="1" stage="1" lat="1">
<core>NULL</core>
<MemPortIdVec></MemPortIdVec>
<condition id="-1">
<or_exp><and_exp></and_exp></or_exp>
</condition>

<Node id="47" bw="0" op_0_bw="32" op_1_bw="32" op_2_bw="0">
<![CDATA[
entry:29 %store_ln34 = store i32 %FIR_ALL_NEW_stream_stream_axis_ap_uint_32_0ul_0ul_0ul_0_shift_reg_5_load, i32 %FIR_ALL_NEW_stream_stream_axis_ap_uint_32_0ul_0ul_0ul_0_shift_reg_4

]]></Node>
<StgValue><ssdm name="store_ln34"/></StgValue>
</operation>

<operation id="23" st_id="1" stage="1" lat="1">
<core>NULL</core>
<MemPortIdVec></MemPortIdVec>
<condition id="-1">
<or_exp><and_exp></and_exp></or_exp>
</condition>

<Node id="48" bw="0" op_0_bw="32" op_1_bw="32" op_2_bw="0">
<![CDATA[
entry:30 %store_ln34 = store i32 %FIR_ALL_NEW_stream_stream_axis_ap_uint_32_0ul_0ul_0ul_0_shift_reg_6_load, i32 %FIR_ALL_NEW_stream_stream_axis_ap_uint_32_0ul_0ul_0ul_0_shift_reg_5

]]></Node>
<StgValue><ssdm name="store_ln34"/></StgValue>
</operation>

<operation id="24" st_id="1" stage="1" lat="1">
<core>NULL</core>
<MemPortIdVec></MemPortIdVec>
<condition id="-1">
<or_exp><and_exp></and_exp></or_exp>
</condition>

<Node id="49" bw="0" op_0_bw="32" op_1_bw="32" op_2_bw="0">
<![CDATA[
entry:31 %store_ln34 = store i32 %FIR_ALL_NEW_stream_stream_axis_ap_uint_32_0ul_0ul_0ul_0_shift_reg_7_load, i32 %FIR_ALL_NEW_stream_stream_axis_ap_uint_32_0ul_0ul_0ul_0_shift_reg_6

]]></Node>
<StgValue><ssdm name="store_ln34"/></StgValue>
</operation>

<operation id="25" st_id="1" stage="1" lat="1">
<core>NULL</core>
<MemPortIdVec></MemPortIdVec>
<condition id="-1">
<or_exp><and_exp></and_exp></or_exp>
</condition>

<Node id="50" bw="0" op_0_bw="32" op_1_bw="32" op_2_bw="0">
<![CDATA[
entry:32 %store_ln34 = store i32 %FIR_ALL_NEW_stream_stream_axis_ap_uint_32_0ul_0ul_0ul_0_shift_reg_8_load, i32 %FIR_ALL_NEW_stream_stream_axis_ap_uint_32_0ul_0ul_0ul_0_shift_reg_7

]]></Node>
<StgValue><ssdm name="store_ln34"/></StgValue>
</operation>

<operation id="26" st_id="1" stage="1" lat="1">
<core>NULL</core>
<MemPortIdVec></MemPortIdVec>
<condition id="-1">
<or_exp><and_exp></and_exp></or_exp>
</condition>

<Node id="51" bw="0" op_0_bw="32" op_1_bw="32" op_2_bw="0">
<![CDATA[
entry:33 %store_ln31 = store i32 %in_pkt_data_V, i32 %FIR_ALL_NEW_stream_stream_axis_ap_uint_32_0ul_0ul_0ul_0_shift_reg_8

]]></Node>
<StgValue><ssdm name="store_ln31"/></StgValue>
</operation>

<operation id="27" st_id="1" stage="1" lat="1">
<core>Adder</core>
<MemPortIdVec></MemPortIdVec>
<condition id="-1">
<or_exp><and_exp></and_exp></or_exp>
</condition>

<Node id="52" bw="32" op_0_bw="32" op_1_bw="32">
<![CDATA[
entry:34 %tmp = add i32 %FIR_ALL_NEW_stream_stream_axis_ap_uint_32_0ul_0ul_0ul_0_shift_reg_6_load, i32 %FIR_ALL_NEW_stream_stream_axis_ap_uint_32_0ul_0ul_0ul_0_shift_reg_4_load

]]></Node>
<StgValue><ssdm name="tmp"/></StgValue>
</operation>

<operation id="28" st_id="1" stage="1" lat="1">
<core>Adder</core>
<MemPortIdVec></MemPortIdVec>
<condition id="-1">
<or_exp><and_exp></and_exp></or_exp>
</condition>

<Node id="54" bw="32" op_0_bw="32" op_1_bw="32">
<![CDATA[
entry:36 %tmp2 = add i32 %FIR_ALL_NEW_stream_stream_axis_ap_uint_32_0ul_0ul_0ul_0_shift_reg_7_load, i32 %FIR_ALL_NEW_stream_stream_axis_ap_uint_32_0ul_0ul_0ul_0_shift_reg_2_load

]]></Node>
<StgValue><ssdm name="tmp2"/></StgValue>
</operation>

<operation id="29" st_id="1" stage="1" lat="1">
<core>Adder</core>
<MemPortIdVec></MemPortIdVec>
<condition id="-1">
<or_exp><and_exp></and_exp></or_exp>
</condition>

<Node id="56" bw="32" op_0_bw="32" op_1_bw="32">
<![CDATA[
entry:38 %tmp4 = add i32 %FIR_ALL_NEW_stream_stream_axis_ap_uint_32_0ul_0ul_0ul_0_shift_reg_load, i32 %in_pkt_data_V

]]></Node>
<StgValue><ssdm name="tmp4"/></StgValue>
</operation>
</state>

<state id="2" st_id="2">

<operation id="30" st_id="2" stage="2" lat="2">
<core>Multiplier</core>
<MemPortIdVec></MemPortIdVec>
<condition id="-1">
<or_exp><and_exp></and_exp></or_exp>
</condition>

<Node id="39" bw="32" op_0_bw="32" op_1_bw="32">
<![CDATA[
entry:21 %mul_ln35 = mul i32 %FIR_ALL_NEW_stream_stream_axis_ap_uint_32_0ul_0ul_0ul_0_shift_reg_5_load, i32 500

]]></Node>
<StgValue><ssdm name="mul_ln35"/></StgValue>
</operation>

<operation id="31" st_id="2" stage="2" lat="2">
<core>Multiplier</core>
<MemPortIdVec></MemPortIdVec>
<condition id="-1">
<or_exp><and_exp></and_exp></or_exp>
</condition>

<Node id="53" bw="32" op_0_bw="32" op_1_bw="32">
<![CDATA[
entry:35 %tmp1 = mul i32 %tmp, i32 313

]]></Node>
<StgValue><ssdm name="tmp1"/></StgValue>
</operation>

<operation id="32" st_id="2" stage="2" lat="2">
<core>Multiplier</core>
<MemPortIdVec></MemPortIdVec>
<condition id="-1">
<or_exp><and_exp></and_exp></or_exp>
</condition>

<Node id="55" bw="32" op_0_bw="32" op_1_bw="32">
<![CDATA[
entry:37 %tmp3 = mul i32 %tmp2, i32 4294967205

]]></Node>
<StgValue><ssdm name="tmp3"/></StgValue>
</operation>

<operation id="33" st_id="2" stage="2" lat="2">
<core>Multiplier</core>
<MemPortIdVec></MemPortIdVec>
<condition id="-1">
<or_exp><and_exp></and_exp></or_exp>
</condition>

<Node id="57" bw="32" op_0_bw="32" op_1_bw="32">
<![CDATA[
entry:39 %tmp5 = mul i32 %tmp4, i32 53

]]></Node>
<StgValue><ssdm name="tmp5"/></StgValue>
</operation>
</state>

<state id="3" st_id="3">

<operation id="34" st_id="3" stage="1" lat="2">
<core>Multiplier</core>
<MemPortIdVec></MemPortIdVec>
<condition id="-1">
<or_exp><and_exp></and_exp></or_exp>
</condition>

<Node id="39" bw="32" op_0_bw="32" op_1_bw="32">
<![CDATA[
entry:21 %mul_ln35 = mul i32 %FIR_ALL_NEW_stream_stream_axis_ap_uint_32_0ul_0ul_0ul_0_shift_reg_5_load, i32 500

]]></Node>
<StgValue><ssdm name="mul_ln35"/></StgValue>
</operation>

<operation id="35" st_id="3" stage="1" lat="2">
<core>Multiplier</core>
<MemPortIdVec></MemPortIdVec>
<condition id="-1">
<or_exp><and_exp></and_exp></or_exp>
</condition>

<Node id="53" bw="32" op_0_bw="32" op_1_bw="32">
<![CDATA[
entry:35 %tmp1 = mul i32 %tmp, i32 313

]]></Node>
<StgValue><ssdm name="tmp1"/></StgValue>
</operation>

<operation id="36" st_id="3" stage="1" lat="2">
<core>Multiplier</core>
<MemPortIdVec></MemPortIdVec>
<condition id="-1">
<or_exp><and_exp></and_exp></or_exp>
</condition>

<Node id="55" bw="32" op_0_bw="32" op_1_bw="32">
<![CDATA[
entry:37 %tmp3 = mul i32 %tmp2, i32 4294967205

]]></Node>
<StgValue><ssdm name="tmp3"/></StgValue>
</operation>

<operation id="37" st_id="3" stage="1" lat="2">
<core>Multiplier</core>
<MemPortIdVec></MemPortIdVec>
<condition id="-1">
<or_exp><and_exp></and_exp></or_exp>
</condition>

<Node id="57" bw="32" op_0_bw="32" op_1_bw="32">
<![CDATA[
entry:39 %tmp5 = mul i32 %tmp4, i32 53

]]></Node>
<StgValue><ssdm name="tmp5"/></StgValue>
</operation>
</state>

<state id="4" st_id="4">

<operation id="38" st_id="4" stage="1" lat="1">
<core>TAddSub</core>
<MemPortIdVec></MemPortIdVec>
<condition id="-1">
<or_exp><and_exp></and_exp></or_exp>
</condition>

<Node id="58" bw="32" op_0_bw="32" op_1_bw="32">
<![CDATA[
entry:40 %add_ln32 = add i32 %mul_ln35, i32 %tmp5

]]></Node>
<StgValue><ssdm name="add_ln32"/></StgValue>
</operation>

<operation id="39" st_id="4" stage="1" lat="1">
<core>Adder</core>
<MemPortIdVec></MemPortIdVec>
<condition id="-1">
<or_exp><and_exp></and_exp></or_exp>
</condition>

<Node id="59" bw="32" op_0_bw="32" op_1_bw="32">
<![CDATA[
entry:41 %add_ln32_1 = add i32 %tmp1, i32 %tmp3

]]></Node>
<StgValue><ssdm name="add_ln32_1"/></StgValue>
</operation>

<operation id="40" st_id="4" stage="1" lat="1">
<core>TAddSub</core>
<MemPortIdVec></MemPortIdVec>
<condition id="-1">
<or_exp><and_exp></and_exp></or_exp>
</condition>

<Node id="60" bw="32" op_0_bw="32" op_1_bw="32">
<![CDATA[
entry:42 %acc = add i32 %add_ln32_1, i32 %add_ln32

]]></Node>
<StgValue><ssdm name="acc"/></StgValue>
</operation>

<operation id="41" st_id="4" stage="2" lat="2">
<core>axis</core>
<MemPortIdVec></MemPortIdVec>
<condition id="-1">
<or_exp><and_exp></and_exp></or_exp>
</condition>

<Node id="61" bw="0" op_0_bw="0" op_1_bw="32" op_2_bw="4" op_3_bw="4" op_4_bw="1" op_5_bw="32" op_6_bw="4" op_7_bw="4" op_8_bw="1">
<![CDATA[
entry:43 %write_ln47 = write void @_ssdm_op_Write.axis.volatile.i32P0A.i4P0A.i4P0A.i1P0A, i32 %m_axis_V_data_V, i4 %m_axis_V_keep_V, i4 %m_axis_V_strb_V, i1 %m_axis_V_last_V, i32 %acc, i4 15, i4 0, i1 %in_pkt_last_V

]]></Node>
<StgValue><ssdm name="write_ln47"/></StgValue>
</operation>
</state>

<state id="5" st_id="5">

<operation id="42" st_id="5" stage="1" lat="1">
<core>NULL</core>
<MemPortIdVec></MemPortIdVec>
<condition id="-1">
<or_exp><and_exp></and_exp></or_exp>
</condition>

<Node id="18" bw="0" op_0_bw="0" op_1_bw="0">
<![CDATA[
entry:0 %spectopmodule_ln8 = spectopmodule void @_ssdm_op_SpecTopModule, void @empty_4

]]></Node>
<StgValue><ssdm name="spectopmodule_ln8"/></StgValue>
</operation>

<operation id="43" st_id="5" stage="1" lat="1">
<core>NULL</core>
<MemPortIdVec></MemPortIdVec>
<condition id="-1">
<or_exp><and_exp></and_exp></or_exp>
</condition>

<Node id="19" bw="0" op_0_bw="0" op_1_bw="32" op_2_bw="0" op_3_bw="32" op_4_bw="32" op_5_bw="0" op_6_bw="32" op_7_bw="32" op_8_bw="0" op_9_bw="0" op_10_bw="0" op_11_bw="32" op_12_bw="32" op_13_bw="32" op_14_bw="32" op_15_bw="0" op_16_bw="0" op_17_bw="32" op_18_bw="32">
<![CDATA[
entry:1 %specinterface_ln8 = specinterface void @_ssdm_op_SpecInterface, i32 0, void @empty_5, i32 0, i32 0, void @empty_1, i32 0, i32 0, void @empty_1, void @empty_1, void @empty_1, i32 0, i32 0, i32 0, i32 0, void @empty_1, void @empty_1, i32 4294967295, i32 0

]]></Node>
<StgValue><ssdm name="specinterface_ln8"/></StgValue>
</operation>

<operation id="44" st_id="5" stage="1" lat="1">
<core>NULL</core>
<MemPortIdVec></MemPortIdVec>
<condition id="-1">
<or_exp><and_exp></and_exp></or_exp>
</condition>

<Node id="20" bw="0" op_0_bw="0" op_1_bw="32" op_2_bw="4" op_3_bw="4" op_4_bw="1" op_5_bw="0" op_6_bw="32" op_7_bw="32" op_8_bw="0" op_9_bw="32" op_10_bw="32" op_11_bw="0" op_12_bw="0" op_13_bw="0" op_14_bw="32" op_15_bw="32" op_16_bw="32" op_17_bw="32" op_18_bw="0" op_19_bw="0" op_20_bw="32" op_21_bw="32">
<![CDATA[
entry:2 %specinterface_ln0 = specinterface void @_ssdm_op_SpecInterface, i32 %s_axis_V_data_V, i4 %s_axis_V_keep_V, i4 %s_axis_V_strb_V, i1 %s_axis_V_last_V, void @empty, i32 1, i32 1, void @empty_0, i32 0, i32 0, void @empty_1, void @empty_1, void @empty_1, i32 0, i32 0, i32 0, i32 0, void @empty_1, void @empty_1, i32 4294967295, i32 0

]]></Node>
<StgValue><ssdm name="specinterface_ln0"/></StgValue>
</operation>

<operation id="45" st_id="5" stage="1" lat="1">
<core>NULL</core>
<MemPortIdVec></MemPortIdVec>
<condition id="-1">
<or_exp><and_exp></and_exp></or_exp>
</condition>

<Node id="21" bw="0" op_0_bw="0" op_1_bw="32">
<![CDATA[
entry:3 %specbitsmap_ln0 = specbitsmap void @_ssdm_op_SpecBitsMap, i32 %s_axis_V_data_V

]]></Node>
<StgValue><ssdm name="specbitsmap_ln0"/></StgValue>
</operation>

<operation id="46" st_id="5" stage="1" lat="1">
<core>NULL</core>
<MemPortIdVec></MemPortIdVec>
<condition id="-1">
<or_exp><and_exp></and_exp></or_exp>
</condition>

<Node id="22" bw="0" op_0_bw="0" op_1_bw="4">
<![CDATA[
entry:4 %specbitsmap_ln0 = specbitsmap void @_ssdm_op_SpecBitsMap, i4 %s_axis_V_keep_V

]]></Node>
<StgValue><ssdm name="specbitsmap_ln0"/></StgValue>
</operation>

<operation id="47" st_id="5" stage="1" lat="1">
<core>NULL</core>
<MemPortIdVec></MemPortIdVec>
<condition id="-1">
<or_exp><and_exp></and_exp></or_exp>
</condition>

<Node id="23" bw="0" op_0_bw="0" op_1_bw="4">
<![CDATA[
entry:5 %specbitsmap_ln0 = specbitsmap void @_ssdm_op_SpecBitsMap, i4 %s_axis_V_strb_V

]]></Node>
<StgValue><ssdm name="specbitsmap_ln0"/></StgValue>
</operation>

<operation id="48" st_id="5" stage="1" lat="1">
<core>NULL</core>
<MemPortIdVec></MemPortIdVec>
<condition id="-1">
<or_exp><and_exp></and_exp></or_exp>
</condition>

<Node id="24" bw="0" op_0_bw="0" op_1_bw="1">
<![CDATA[
entry:6 %specbitsmap_ln0 = specbitsmap void @_ssdm_op_SpecBitsMap, i1 %s_axis_V_last_V

]]></Node>
<StgValue><ssdm name="specbitsmap_ln0"/></StgValue>
</operation>

<operation id="49" st_id="5" stage="1" lat="1">
<core>NULL</core>
<MemPortIdVec></MemPortIdVec>
<condition id="-1">
<or_exp><and_exp></and_exp></or_exp>
</condition>

<Node id="25" bw="0" op_0_bw="0" op_1_bw="32" op_2_bw="4" op_3_bw="4" op_4_bw="1" op_5_bw="0" op_6_bw="32" op_7_bw="32" op_8_bw="0" op_9_bw="32" op_10_bw="32" op_11_bw="0" op_12_bw="0" op_13_bw="0" op_14_bw="32" op_15_bw="32" op_16_bw="32" op_17_bw="32" op_18_bw="0" op_19_bw="0" op_20_bw="32" op_21_bw="32">
<![CDATA[
entry:7 %specinterface_ln0 = specinterface void @_ssdm_op_SpecInterface, i32 %m_axis_V_data_V, i4 %m_axis_V_keep_V, i4 %m_axis_V_strb_V, i1 %m_axis_V_last_V, void @empty, i32 1, i32 1, void @empty_0, i32 0, i32 0, void @empty_1, void @empty_1, void @empty_1, i32 0, i32 0, i32 0, i32 0, void @empty_1, void @empty_1, i32 4294967295, i32 0

]]></Node>
<StgValue><ssdm name="specinterface_ln0"/></StgValue>
</operation>

<operation id="50" st_id="5" stage="1" lat="1">
<core>NULL</core>
<MemPortIdVec></MemPortIdVec>
<condition id="-1">
<or_exp><and_exp></and_exp></or_exp>
</condition>

<Node id="26" bw="0" op_0_bw="0" op_1_bw="32">
<![CDATA[
entry:8 %specbitsmap_ln0 = specbitsmap void @_ssdm_op_SpecBitsMap, i32 %m_axis_V_data_V

]]></Node>
<StgValue><ssdm name="specbitsmap_ln0"/></StgValue>
</operation>

<operation id="51" st_id="5" stage="1" lat="1">
<core>NULL</core>
<MemPortIdVec></MemPortIdVec>
<condition id="-1">
<or_exp><and_exp></and_exp></or_exp>
</condition>

<Node id="27" bw="0" op_0_bw="0" op_1_bw="4">
<![CDATA[
entry:9 %specbitsmap_ln0 = specbitsmap void @_ssdm_op_SpecBitsMap, i4 %m_axis_V_keep_V

]]></Node>
<StgValue><ssdm name="specbitsmap_ln0"/></StgValue>
</operation>

<operation id="52" st_id="5" stage="1" lat="1">
<core>NULL</core>
<MemPortIdVec></MemPortIdVec>
<condition id="-1">
<or_exp><and_exp></and_exp></or_exp>
</condition>

<Node id="28" bw="0" op_0_bw="0" op_1_bw="4">
<![CDATA[
entry:10 %specbitsmap_ln0 = specbitsmap void @_ssdm_op_SpecBitsMap, i4 %m_axis_V_strb_V

]]></Node>
<StgValue><ssdm name="specbitsmap_ln0"/></StgValue>
</operation>

<operation id="53" st_id="5" stage="1" lat="1">
<core>NULL</core>
<MemPortIdVec></MemPortIdVec>
<condition id="-1">
<or_exp><and_exp></and_exp></or_exp>
</condition>

<Node id="29" bw="0" op_0_bw="0" op_1_bw="1">
<![CDATA[
entry:11 %specbitsmap_ln0 = specbitsmap void @_ssdm_op_SpecBitsMap, i1 %m_axis_V_last_V

]]></Node>
<StgValue><ssdm name="specbitsmap_ln0"/></StgValue>
</operation>

<operation id="54" st_id="5" stage="1" lat="2">
<core>axis</core>
<MemPortIdVec></MemPortIdVec>
<condition id="-1">
<or_exp><and_exp></and_exp></or_exp>
</condition>

<Node id="61" bw="0" op_0_bw="0" op_1_bw="32" op_2_bw="4" op_3_bw="4" op_4_bw="1" op_5_bw="32" op_6_bw="4" op_7_bw="4" op_8_bw="1">
<![CDATA[
entry:43 %write_ln47 = write void @_ssdm_op_Write.axis.volatile.i32P0A.i4P0A.i4P0A.i1P0A, i32 %m_axis_V_data_V, i4 %m_axis_V_keep_V, i4 %m_axis_V_strb_V, i1 %m_axis_V_last_V, i32 %acc, i4 15, i4 0, i1 %in_pkt_last_V

]]></Node>
<StgValue><ssdm name="write_ln47"/></StgValue>
</operation>

<operation id="55" st_id="5" stage="1" lat="1">
<core>NULL</core>
<MemPortIdVec></MemPortIdVec>
<condition id="-1">
<or_exp><and_exp></and_exp></or_exp>
</condition>

<Node id="62" bw="0" op_0_bw="0" op_1_bw="32" op_2_bw="4" op_3_bw="4" op_4_bw="1" op_5_bw="1" op_6_bw="1" op_7_bw="1" op_8_bw="0">
<![CDATA[
entry:44 %specaxissidechannel_ln48 = specaxissidechannel void @_ssdm_op_SpecAXISSideChannel, i32 %m_axis_V_data_V, i4 %m_axis_V_keep_V, i4 %m_axis_V_strb_V, i1 0, i1 %m_axis_V_last_V, i1 0, i1 0, void @empty_2

]]></Node>
<StgValue><ssdm name="specaxissidechannel_ln48"/></StgValue>
</operation>

<operation id="56" st_id="5" stage="1" lat="1">
<core>NULL</core>
<MemPortIdVec></MemPortIdVec>
<condition id="-1">
<or_exp><and_exp></and_exp></or_exp>
</condition>

<Node id="63" bw="0" op_0_bw="0" op_1_bw="32" op_2_bw="4" op_3_bw="4" op_4_bw="1" op_5_bw="1" op_6_bw="1" op_7_bw="1" op_8_bw="0">
<![CDATA[
entry:45 %specaxissidechannel_ln48 = specaxissidechannel void @_ssdm_op_SpecAXISSideChannel, i32 %s_axis_V_data_V, i4 %s_axis_V_keep_V, i4 %s_axis_V_strb_V, i1 0, i1 %s_axis_V_last_V, i1 0, i1 0, void @empty_3

]]></Node>
<StgValue><ssdm name="specaxissidechannel_ln48"/></StgValue>
</operation>

<operation id="57" st_id="5" stage="1" lat="1">
<core>NULL</core>
<MemPortIdVec></MemPortIdVec>
<condition id="-1">
<or_exp><and_exp></and_exp></or_exp>
</condition>

<Node id="64" bw="0">
<![CDATA[
entry:46 %ret_ln48 = ret

]]></Node>
<StgValue><ssdm name="ret_ln48"/></StgValue>
</operation>
</state>
</state_list>


<ports>
</ports>


<dataflows>
</dataflows>


</stg>
