<profile>

<section name = "Vitis HLS Report for 'FIR_ALL_NEW'" level="0">
<item name = "Date">Sun Feb  8 22:18:10 2026
</item>
<item name = "Version">2023.1 (Build 3854077 on May  4 2023)</item>
<item name = "Project">Ex3</item>
<item name = "Solution">solution1 (Vivado IP Flow Target)</item>
<item name = "Product family">zynq</item>
<item name = "Target device">xc7z020-clg484-1</item>
</section>

<section name = "Performance Estimates" level="0">
<item name = "Timing">
<section name = "" level="1">
<item name = "Summary"><table name="" hasTotal="0">
<keys size="4">Clock, Target, Estimated, Uncertainty</keys>
<column name="ap_clk">10.00 ns, 6.923 ns, 2.70 ns</column>
</table>
</item>
</section>
</item>
<item name = "Latency">
<section name = "" level="1">
<item name = "Summary"><table name="" hasTotal="0">
<keys size="8">, min, max, min, max, min, max, Type</keys>
<column name="">4, 4, 40.000 ns, 40.000 ns, 5, 5, no</column>
</table>
</item>
<item name = "Detail">
<section name = "" level="1">
<item name = "Instance"><table name="" hasTotal="0">
<keys size="9">Instance, Module, min, max, min, max, min, max, Type</keys>
</table>
</item>
<item name = "Loop"><table name="" hasTotal="0">
<keys size="8">Loop Name, min, max, Latency, achieved, target, Count, Pipelined</keys>
</table>
</item>
</section>
</item>
</section>
</item>
</section>

<section name = "Utilization Estimates" level="0">
<item name = "Summary"><table name="" hasTotal="1">
<keys size="6">Name, BRAM_18K, DSP, FF, LUT, URAM</keys>
<column name="DSP">-, -, -, -, -</column>
<column name="Expression">-, -, 0, 222, -</column>
<column name="FIFO">-, -, -, -, -</column>
<column name="Instance">-, 8, 660, 200, -</column>
<column name="Memory">-, -, -, -, -</column>
<column name="Multiplexer">-, -, -, 49, -</column>
<column name="Register">-, -, 550, -, -</column>
<specialColumn name="Available">280, 220, 106400, 53200, 0</specialColumn>
<specialColumn name="Utilization (%)">0, 3, 1, ~0, 0</specialColumn>
</table>
</item>
<item name = "Detail">
<section name = "" level="1">
<item name = "Instance"><table name="" hasTotal="1">
<keys size="7">Instance, Module, BRAM_18K, DSP, FF, LUT, URAM</keys>
<column name="mul_32s_10ns_32_2_1_U1">mul_32s_10ns_32_2_1, 0, 2, 165, 50, 0</column>
<column name="mul_32s_10ns_32_2_1_U2">mul_32s_10ns_32_2_1, 0, 2, 165, 50, 0</column>
<column name="mul_32s_7ns_32_2_1_U3">mul_32s_7ns_32_2_1, 0, 2, 165, 50, 0</column>
<column name="mul_32s_8s_32_2_1_U4">mul_32s_8s_32_2_1, 0, 2, 165, 50, 0</column>
</table>
</item>
<item name = "DSP"><table name="" hasTotal="0">
<keys size="3">Instance, Module, Expression</keys>
</table>
</item>
<item name = "Memory"><table name="" hasTotal="1">
<keys size="10">Memory, Module, BRAM_18K, FF, LUT, URAM, Words, Bits, Banks, W*Bits*Banks</keys>
</table>
</item>
<item name = "FIFO"><table name="" hasTotal="1">
<keys size="8">Name, BRAM_18K, FF, LUT, URAM, Depth, Bits, Size:D*B</keys>
</table>
</item>
<item name = "Expression"><table name="" hasTotal="1">
<keys size="7">Variable Name, Operation, DSP, FF, LUT, Bitwidth P0, Bitwidth P1</keys>
<column name="add_ln32_1_fu_250_p2">+, 0, 0, 39, 32, 32</column>
<column name="add_ln32_fu_246_p2">+, 0, 0, 32, 32, 32</column>
<column name="m_axis_TDATA_int_regslice">+, 0, 0, 32, 32, 32</column>
<column name="tmp2_fu_234_p2">+, 0, 0, 39, 32, 32</column>
<column name="tmp4_fu_240_p2">+, 0, 0, 39, 32, 32</column>
<column name="tmp_fu_228_p2">+, 0, 0, 39, 32, 32</column>
<column name="ap_block_state5">or, 0, 0, 2, 1, 1</column>
</table>
</item>
<item name = "Multiplexer"><table name="" hasTotal="1">
<keys size="5">Name, LUT, Input Size, Bits, Total Bits</keys>
<column name="ap_NS_fsm">31, 6, 1, 6</column>
<column name="m_axis_TDATA_blk_n">9, 2, 1, 2</column>
<column name="s_axis_TDATA_blk_n">9, 2, 1, 2</column>
</table>
</item>
<item name = "Register"><table name="" hasTotal="1">
<keys size="5">Name, FF, LUT, Bits, Const Bits</keys>
<column name="FIR_ALL_NEW_stream_stream_axis_ap_uint_32_0ul_0ul_0ul_0_shift_reg">32, 0, 32, 0</column>
<column name="FIR_ALL_NEW_stream_stream_axis_ap_uint_32_0ul_0ul_0ul_0_shift_reg_1">32, 0, 32, 0</column>
<column name="FIR_ALL_NEW_stream_stream_axis_ap_uint_32_0ul_0ul_0ul_0_shift_reg_2">32, 0, 32, 0</column>
<column name="FIR_ALL_NEW_stream_stream_axis_ap_uint_32_0ul_0ul_0ul_0_shift_reg_3">32, 0, 32, 0</column>
<column name="FIR_ALL_NEW_stream_stream_axis_ap_uint_32_0ul_0ul_0ul_0_shift_reg_4">32, 0, 32, 0</column>
<column name="FIR_ALL_NEW_stream_stream_axis_ap_uint_32_0ul_0ul_0ul_0_shift_reg_5">32, 0, 32, 0</column>
<column name="FIR_ALL_NEW_stream_stream_axis_ap_uint_32_0ul_0ul_0ul_0_shift_reg_5_load_reg_266">32, 0, 32, 0</column>
<column name="FIR_ALL_NEW_stream_stream_axis_ap_uint_32_0ul_0ul_0ul_0_shift_reg_6">32, 0, 32, 0</column>
<column name="FIR_ALL_NEW_stream_stream_axis_ap_uint_32_0ul_0ul_0ul_0_shift_reg_7">32, 0, 32, 0</column>
<column name="FIR_ALL_NEW_stream_stream_axis_ap_uint_32_0ul_0ul_0ul_0_shift_reg_8">32, 0, 32, 0</column>
<column name="ap_CS_fsm">5, 0, 5, 0</column>
<column name="in_pkt_last_V_reg_261">1, 0, 1, 0</column>
<column name="mul_ln35_reg_286">32, 0, 32, 0</column>
<column name="tmp1_reg_291">32, 0, 32, 0</column>
<column name="tmp2_reg_276">32, 0, 32, 0</column>
<column name="tmp3_reg_296">32, 0, 32, 0</column>
<column name="tmp4_reg_281">32, 0, 32, 0</column>
<column name="tmp5_reg_301">32, 0, 32, 0</column>
<column name="tmp_reg_271">32, 0, 32, 0</column>
</table>
</item>
</section>
</item>
</section>

<section name = "Interface" level="0">
<item name = "Summary"><table name="" hasTotal="0">
<keys size="6">RTL Ports, Dir, Bits, Protocol, Source Object, C Type</keys>
<column name="ap_clk">in, 1, ap_ctrl_none, FIR_ALL_NEW, return value</column>
<column name="ap_rst_n">in, 1, ap_ctrl_none, FIR_ALL_NEW, return value</column>
<column name="s_axis_TDATA">in, 32, axis, s_axis_V_data_V, pointer</column>
<column name="s_axis_TVALID">in, 1, axis, s_axis_V_last_V, pointer</column>
<column name="s_axis_TREADY">out, 1, axis, s_axis_V_last_V, pointer</column>
<column name="s_axis_TLAST">in, 1, axis, s_axis_V_last_V, pointer</column>
<column name="s_axis_TKEEP">in, 4, axis, s_axis_V_keep_V, pointer</column>
<column name="s_axis_TSTRB">in, 4, axis, s_axis_V_strb_V, pointer</column>
<column name="m_axis_TDATA">out, 32, axis, m_axis_V_data_V, pointer</column>
<column name="m_axis_TVALID">out, 1, axis, m_axis_V_last_V, pointer</column>
<column name="m_axis_TREADY">in, 1, axis, m_axis_V_last_V, pointer</column>
<column name="m_axis_TLAST">out, 1, axis, m_axis_V_last_V, pointer</column>
<column name="m_axis_TKEEP">out, 4, axis, m_axis_V_keep_V, pointer</column>
<column name="m_axis_TSTRB">out, 4, axis, m_axis_V_strb_V, pointer</column>
</table>
</item>
</section>
</profile>
