{
  "Top": "FIR_ALL_NEW",
  "RtlTop": "FIR_ALL_NEW",
  "RtlPrefix": "",
  "RtlSubPrefix": "FIR_ALL_NEW_",
  "SourceLanguage": "cpp",
  "HostMachineBits": "64",
  "FunctionProtocol": "ap_ctrl_none",
  "ResetStyle": "control",
  "Target": {
    "Family": "zynq",
    "Device": "xc7z020",
    "Package": "-clg484",
    "Speed": "-1",
    "Triple": "fpga64-xilinx-none"
  },
  "Args": {
    "s_axis": {
      "index": "0",
      "direction": "in",
      "srcType": "stream<hls::axis<ap_uint<32>, 0, 0, 0>, 0>&",
      "srcSize": "96",
      "hwRefs": [{
          "type": "interface",
          "interface": "s_axis",
          "name": "",
          "usage": "data",
          "direction": "in"
        }]
    },
    "m_axis": {
      "index": "1",
      "direction": "out",
      "srcType": "stream<hls::axis<ap_uint<32>, 0, 0, 0>, 0>&",
      "srcSize": "96",
      "hwRefs": [{
          "type": "interface",
          "interface": "m_axis",
          "name": "",
          "usage": "data",
          "direction": "out"
        }]
    }
  },
  "HlsSolution": {
    "FlowTarget": "vivado",
    "ConfigTcl": [
      "config_export -format=ip_catalog",
      "config_export -rtl=verilog"
    ],
    "ProfileOption": "0",
    "ProfileType": "none",
    "KernelName": "FIR_ALL_NEW"
  },
  "ClockInfo": {
    "ClockName": "ap_clk",
    "ClockPeriod": "10",
    "Uncertainty": "2.7",
    "IsCombinational": "0",
    "II": "5",
    "Latency": "4"
  },
  "Xdc": {"OocClocks": ["create_clock -name ap_clk -period 10.000 [get_ports ap_clk]"]},
  "Ipx": {
    "Vendor": "xilinx.com",
    "Library": "hls",
    "Name": "FIR_ALL_NEW",
    "Version": "1.0",
    "DisplayName": "Fir_all_new",
    "Revision": "2114472258",
    "Description": "An IP generated by Vitis HLS",
    "Taxonomy": "\/VITIS_HLS_IP",
    "AutoFamilySupport": "",
    "ZipFile": "xilinx_com_hls_FIR_ALL_NEW_1_0.zip"
  },
  "Files": {
    "CSource": ["..\/FIR.cpp"],
    "Vhdl": [
      "impl\/vhdl\/FIR_ALL_NEW_mul_32s_7ns_32_2_1.vhd",
      "impl\/vhdl\/FIR_ALL_NEW_mul_32s_8s_32_2_1.vhd",
      "impl\/vhdl\/FIR_ALL_NEW_mul_32s_10ns_32_2_1.vhd",
      "impl\/vhdl\/FIR_ALL_NEW_regslice_both.vhd",
      "impl\/vhdl\/FIR_ALL_NEW.vhd"
    ],
    "Verilog": [
      "impl\/verilog\/FIR_ALL_NEW_hls_deadlock_idx0_monitor.v",
      "impl\/verilog\/FIR_ALL_NEW_hls_deadlock_kernel_monitor_top.vh",
      "impl\/verilog\/FIR_ALL_NEW_mul_32s_7ns_32_2_1.v",
      "impl\/verilog\/FIR_ALL_NEW_mul_32s_8s_32_2_1.v",
      "impl\/verilog\/FIR_ALL_NEW_mul_32s_10ns_32_2_1.v",
      "impl\/verilog\/FIR_ALL_NEW_regslice_both.v",
      "impl\/verilog\/FIR_ALL_NEW.v"
    ],
    "IpMisc": ["impl\/misc\/logo.png"],
    "CsynthXml": "syn\/report\/csynth.xml",
    "DebugDir": ".debug",
    "KernelXml": ".autopilot\/db\/kernel.internal.xml",
    "Xo": "",
    "XoHlsDir": "",
    "ProtoInst": [".debug\/FIR_ALL_NEW.protoinst"]
  },
  "SubcoreInfo": {
    "HasXpmMemory": false,
    "HasClockedDsp": false,
    "Ip": []
  },
  "Interfaces": {
    "ap_clk": {
      "type": "clock",
      "busTypeName": "clock",
      "mode": "slave",
      "busParams": {
        "ASSOCIATED_BUSIF": "s_axis:m_axis",
        "ASSOCIATED_RESET": "ap_rst_n"
      },
      "portMap": {"ap_clk": "CLK"},
      "ports": ["ap_clk"]
    },
    "ap_rst_n": {
      "type": "reset",
      "busTypeName": "reset",
      "mode": "slave",
      "busParams": {"POLARITY": "ACTIVE_LOW"},
      "portMap": {"ap_rst_n": "RST"},
      "ports": ["ap_rst_n"]
    },
    "s_axis": {
      "type": "axi4stream",
      "busTypeName": "axis",
      "mode": "slave",
      "dataWidth": "32",
      "portPrefix": "s_axis_",
      "ports": [
        "s_axis_TDATA",
        "s_axis_TKEEP",
        "s_axis_TLAST",
        "s_axis_TREADY",
        "s_axis_TSTRB",
        "s_axis_TVALID"
      ],
      "constraints": [{
          "constraint_type": "pragma interface",
          "mode": "axis",
          "register_option": "0",
          "register_mode": "both",
          "argName": "s_axis"
        }]
    },
    "m_axis": {
      "type": "axi4stream",
      "busTypeName": "axis",
      "mode": "master",
      "dataWidth": "32",
      "portPrefix": "m_axis_",
      "ports": [
        "m_axis_TDATA",
        "m_axis_TKEEP",
        "m_axis_TLAST",
        "m_axis_TREADY",
        "m_axis_TSTRB",
        "m_axis_TVALID"
      ],
      "constraints": [{
          "constraint_type": "pragma interface",
          "mode": "axis",
          "register_option": "0",
          "register_mode": "both",
          "argName": "m_axis"
        }]
    }
  },
  "RtlPorts": {
    "ap_clk": {
      "dir": "in",
      "width": "1"
    },
    "ap_rst_n": {
      "dir": "in",
      "width": "1"
    },
    "s_axis_TDATA": {
      "dir": "in",
      "width": "32"
    },
    "s_axis_TVALID": {
      "dir": "in",
      "width": "1"
    },
    "s_axis_TREADY": {
      "dir": "out",
      "width": "1"
    },
    "s_axis_TLAST": {
      "dir": "in",
      "width": "1",
      "isVector": "true"
    },
    "s_axis_TKEEP": {
      "dir": "in",
      "width": "4"
    },
    "s_axis_TSTRB": {
      "dir": "in",
      "width": "4"
    },
    "m_axis_TDATA": {
      "dir": "out",
      "width": "32"
    },
    "m_axis_TVALID": {
      "dir": "out",
      "width": "1"
    },
    "m_axis_TREADY": {
      "dir": "in",
      "width": "1"
    },
    "m_axis_TLAST": {
      "dir": "out",
      "width": "1",
      "isVector": "true"
    },
    "m_axis_TKEEP": {
      "dir": "out",
      "width": "4"
    },
    "m_axis_TSTRB": {
      "dir": "out",
      "width": "4"
    }
  },
  "ModuleInfo": {
    "Hierarchy": {"ModuleName": "FIR_ALL_NEW"},
    "Info": {"FIR_ALL_NEW": {
        "FunctionProtocol": "ap_ctrl_none",
        "isTaskLevelControl": "0",
        "isPipelined": "0",
        "isCombinational": "0",
        "isOneStateSeq": "0"
      }},
    "Metrics": {"FIR_ALL_NEW": {
        "Latency": {
          "LatencyBest": "4",
          "LatencyAvg": "4",
          "LatencyWorst": "4",
          "PipelineII": "5",
          "PipelineDepth": "",
          "PipelineType": "no"
        },
        "Timing": {
          "Target": "10.00",
          "Uncertainty": "2.70",
          "Estimate": "6.923"
        },
        "Area": {
          "DSP": "8",
          "AVAIL_DSP": "220",
          "UTIL_DSP": "3",
          "FF": "1210",
          "AVAIL_FF": "106400",
          "UTIL_FF": "1",
          "LUT": "471",
          "AVAIL_LUT": "53200",
          "UTIL_LUT": "~0",
          "BRAM_18K": "0",
          "AVAIL_BRAM": "280",
          "UTIL_BRAM": "0",
          "URAM": "0",
          "AVAIL_URAM": "0",
          "UTIL_URAM": "0"
        }
      }}
  },
  "GenerateBdFiles": "0",
  "GenData": {
    "DataVersion": "0.2",
    "Time": "2026-02-08 22:18:47 +0530",
    "ToolName": "vitis_hls",
    "ToolVersion": "2023.1"
  }
}
