<?xml version="1.0" encoding="utf-8"?>
<AdditionalInfo>
  <CTypeInfo>
      <RtlPort>
        <name>m_axis_TDATA</name>
        <type>Unsigned</type>
        <fractionWidth>0</fractionWidth>
      </RtlPort>
      <RtlPort>
        <name>m_axis_TKEEP</name>
        <type>Unsigned</type>
        <fractionWidth>0</fractionWidth>
      </RtlPort>
      <RtlPort>
        <name>m_axis_TLAST</name>
        <type>Unsigned</type>
        <fractionWidth>0</fractionWidth>
      </RtlPort>
      <RtlPort>
        <name>m_axis_TREADY</name>
        <type>Unsigned</type>
        <fractionWidth>0</fractionWidth>
      </RtlPort>
      <RtlPort>
        <name>m_axis_TSTRB</name>
        <type>Unsigned</type>
        <fractionWidth>0</fractionWidth>
      </RtlPort>
      <RtlPort>
        <name>m_axis_TVALID</name>
        <type>Unsigned</type>
        <fractionWidth>0</fractionWidth>
      </RtlPort>
      <RtlPort>
        <name>s_axis_TDATA</name>
        <type>Unsigned</type>
        <fractionWidth>0</fractionWidth>
      </RtlPort>
      <RtlPort>
        <name>s_axis_TKEEP</name>
        <type>Unsigned</type>
        <fractionWidth>0</fractionWidth>
      </RtlPort>
      <RtlPort>
        <name>s_axis_TLAST</name>
        <type>Unsigned</type>
        <fractionWidth>0</fractionWidth>
      </RtlPort>
      <RtlPort>
        <name>s_axis_TREADY</name>
        <type>Unsigned</type>
        <fractionWidth>0</fractionWidth>
      </RtlPort>
      <RtlPort>
        <name>s_axis_TSTRB</name>
        <type>Unsigned</type>
        <fractionWidth>0</fractionWidth>
      </RtlPort>
      <RtlPort>
        <name>s_axis_TVALID</name>
        <type>Unsigned</type>
        <fractionWidth>0</fractionWidth>
      </RtlPort>
  </CTypeInfo>
  <DesignConstraint>
    <clk_period>10</clk_period>
  </DesignConstraint>
  <Machine>64</Machine>
  <modelParameters>
    <combinational>0</combinational>
    <latency>4</latency>
    <II>5</II>
  </modelParameters>
</AdditionalInfo>
